POI_ID,USE_TYPE,NAME,NAME_LONG,LEVEL_ID,SCHEDULE_E,CAPACITY,AREA_ID,ASSIGNMENT,AREA_GROSS,HEIGHT_REL,RESERVATIO,ORG_AREA_I,ALLOCATION,CREATED_US,CREATED_DA,LAST_EDITE,LAST_EDI_1,VALIDATION,ORIG_FID,CATEGORY_T,SYMBOL_CAT
OtherBuildings.DignityHealthArena.L01.E1,ELEVATOR,E1,"ELEVATOR, L01",OtherBuildings.DignityHealthArena.L01,,0,,none,32.64553660230,0.00000000000,0,,,ABHINOVDUTTA,9/17/2025,ABHINOVDUTTA,9/28/2025,2,411,Places + Things,ELEVATOR
OtherBuildings.DignityHealthArena.L01.135,CONCESSIONS,135,"CONCESSIONS, L01",OtherBuildings.DignityHealthArena.L01,,0,,none,419.54863805800,0.00000000000,0,,,ABHINOVDUTTA,9/17/2025,ABHINOVDUTTA,9/28/2025,2,412,Retail + Services,CONCESSIONS
OtherBuildings.DignityHealthArena.L01.145,RESTROOM,145,"RESTROOM, L01",OtherBuildings.DignityHealthArena.L01,,0,,none,80.19933797080,0.00000000000,0,,,ABHINOVDUTTA,9/17/2025,ABHINOVDUTTA,9/28/2025,2,413,Places + Things,RESTROOMS
OtherBuildings.DignityHealthArena.L01.117,RESTROOM,117,"RESTROOM, L01",OtherBuildings.DignityHealthArena.L01,,0,,none,98.83390700340,0.00000000000,0,,,ABHINOVDUTTA,9/17/2025,ABHINOVDUTTA,9/28/2025,2,414,Places + Things,RESTROOMS
OtherBuildings.DignityHealthArena.L01.116,RESTROOM,116,"RESTROOM, L01",OtherBuildings.DignityHealthArena.L01,,0,,none,93.14176750490,0.00000000000,0,,,ABHINOVDUTTA,9/17/2025,ABHINOVDUTTA,9/28/2025,2,415,Places + Things,RESTROOMS
OtherBuildings.DignityHealthArena.L01.191,GUEST SERVICES,191,"GUEST SERVICES, L01",OtherBuildings.DignityHealthArena.L01,,0,,none,52.52456562670,0.00000000000,0,,,ABHINOVDUTTA,9/17/2025,ABHINOVDUTTA,9/28/2025,2,418,Places + Things,RECEPTION AND WAITING
OtherBuildings.DignityHealthArena.L01.161,CONCESSIONS,161,"CONCESSIONS, L01",OtherBuildings.DignityHealthArena.L01,,0,,none,82.66796282090,0.00000000000,0,,,ABHINOVDUTTA,9/17/2025,ABHINOVDUTTA,9/28/2025,2,420,Retail + Services,CONCESSIONS
OtherBuildings.DignityHealthArena.L01.152,CONCESSIONS,152,"CONCESSIONS, L01",OtherBuildings.DignityHealthArena.L01,,0,,none,782.34145378600,0.00000000000,0,,,ABHINOVDUTTA,9/17/2025,ABHINOVDUTTA,9/28/2025,2,422,Retail + Services,CONCESSIONS
OtherBuildings.DignityHealthArena.L01.E2,ELEVATOR,E2,"ELEVATOR, L01",OtherBuildings.DignityHealthArena.L01,,0,,none,129.01717692000,0.00000000000,0,,,ABHINOVDUTTA,9/17/2025,ABHINOVDUTTA,9/28/2025,2,423,Places + Things,ELEVATOR
OtherBuildings.DignityHealthArena.L01.168,CONCESSIONS,168,"CONCESSIONS, L01",OtherBuildings.DignityHealthArena.L01,,0,,none,265.09040418100,0.00000000000,0,,,ABHINOVDUTTA,9/17/2025,ABHINOVDUTTA,9/28/2025,2,425,Retail + Services,CONCESSIONS
OtherBuildings.DignityHealthArena.L01.170,RESTROOM,170,"RESTROOM, L01",OtherBuildings.DignityHealthArena.L01,,0,,none,47.52844134670,0.00000000000,0,,,ABHINOVDUTTA,9/17/2025,ABHINOVDUTTA,9/28/2025,2,427,Places + Things,RESTROOMS
OtherBuildings.DignityHealthArena.L01.172,RESTROOM,172,"RESTROOM, L01",OtherBuildings.DignityHealthArena.L01,,0,,none,47.68506063990,0.00000000000,0,,,ABHINOVDUTTA,9/17/2025,ABHINOVDUTTA,9/28/2025,2,428,Places + Things,RESTROOMS
OtherBuildings.DignityHealthArena.L01.174,RESTROOM,174,"RESTROOM, L01",OtherBuildings.DignityHealthArena.L01,,0,,none,46.63171591050,0.00000000000,0,,,ABHINOVDUTTA,9/17/2025,ABHINOVDUTTA,9/28/2025,2,429,Places + Things,RESTROOMS
OtherBuildings.DignityHealthArena.L01.176,RESTROOM,176,"RESTROOM, L01",OtherBuildings.DignityHealthArena.L01,,0,,none,47.03369372670,0.00000000000,0,,,ABHINOVDUTTA,9/17/2025,ABHINOVDUTTA,9/28/2025,2,430,Places + Things,RESTROOMS
OtherBuildings.DignityHealthArena.L01.178,RESTROOM,178,"RESTROOM, L01",OtherBuildings.DignityHealthArena.L01,,0,,none,47.42032846110,0.00000000000,0,,,ABHINOVDUTTA,9/17/2025,ABHINOVDUTTA,9/28/2025,2,431,Places + Things,RESTROOMS
OtherBuildings.DignityHealthArena.L01.180,RESTROOM,180,"RESTROOM, L01",OtherBuildings.DignityHealthArena.L01,,0,,none,47.33332817870,0.00000000000,0,,,ABHINOVDUTTA,9/17/2025,ABHINOVDUTTA,9/28/2025,2,432,Places + Things,RESTROOMS
OtherBuildings.DignityHealthArena.L01.1-WRES2,RESTROOM,1-WRES2,"RESTROOM, L01",OtherBuildings.DignityHealthArena.L01,,0,,none,384.68867640500,0.00000000000,0,,,ABHINOVDUTTA,9/17/2025,ABHINOVDUTTA,9/28/2025,2,433,Places + Things,RESTROOMS
OtherBuildings.DignityHealthArena.L01.182,RESTROOM,182,"RESTROOM, L01",OtherBuildings.DignityHealthArena.L01,,0,,none,89.75566377830,0.00000000000,0,,,ABHINOVDUTTA,9/17/2025,ABHINOVDUTTA,9/28/2025,2,434,Places + Things,RESTROOMS
OtherBuildings.DignityHealthArena.L01.185,RESTROOM,185,"RESTROOM, L01",OtherBuildings.DignityHealthArena.L01,,0,,none,51.39725829470,0.00000000000,0,,,ABHINOVDUTTA,9/17/2025,ABHINOVDUTTA,9/28/2025,2,436,Places + Things,RESTROOMS
OtherBuildings.DignityHealthArena.L01.187,RESTROOM,187,"RESTROOM, L01",OtherBuildings.DignityHealthArena.L01,,0,,none,50.72744723610,0.00000000000,0,,,ABHINOVDUTTA,9/17/2025,ABHINOVDUTTA,9/28/2025,2,437,Places + Things,RESTROOMS
OtherBuildings.DignityHealthArena.L01.189,RESTROOM,189,"RESTROOM, L01",OtherBuildings.DignityHealthArena.L01,,0,,none,49.44817827940,0.00000000000,0,,,ABHINOVDUTTA,9/17/2025,ABHINOVDUTTA,9/28/2025,2,438,Places + Things,RESTROOMS
OtherBuildings.DignityHealthArena.L01.121,RESTROOM,121,"RESTROOM, L01",OtherBuildings.DignityHealthArena.L01,,0,,none,491.78946261600,0.00000000000,0,,,ABHINOVDUTTA,9/17/2025,ABHINOVDUTTA,9/28/2025,2,440,Places + Things,RESTROOMS
OtherBuildings.DignityHealthArena.L01.123,RESTROOM,123,"RESTROOM, L01",OtherBuildings.DignityHealthArena.L01,,0,,none,54.77789002870,0.00000000000,0,,,ABHINOVDUTTA,9/17/2025,ABHINOVDUTTA,9/28/2025,2,441,Places + Things,RESTROOMS
OtherBuildings.DignityHealthArena.L01.125,RESTROOM,125,"RESTROOM, L01",OtherBuildings.DignityHealthArena.L01,,0,,none,36.64353786140,0.00000000000,0,,,ABHINOVDUTTA,9/17/2025,ABHINOVDUTTA,9/28/2025,2,442,Places + Things,RESTROOMS
OtherBuildings.DignityHealthArena.L01.194,CONCESSIONS,194,"CONCESSIONS, L01",OtherBuildings.DignityHealthArena.L01,,0,,none,863.94224209800,0.00000000000,0,,,ABHINOVDUTTA,9/17/2025,ABHINOVDUTTA,9/28/2025,2,445,Retail + Services,CONCESSIONS
OtherBuildings.DignityHealthArena.L01.127,RESTROOM,127,"RESTROOM, L01",OtherBuildings.DignityHealthArena.L01,,0,,none,653.38407152000,0.00000000000,0,,,ABHINOVDUTTA,9/17/2025,ABHINOVDUTTA,9/28/2025,2,446,Places + Things,RESTROOMS
OtherBuildings.DignityHealthArena.L01.129,RESTROOM,129,"RESTROOM, L01",OtherBuildings.DignityHealthArena.L01,,0,,none,91.65814333180,0.00000000000,0,,,ABHINOVDUTTA,9/17/2025,ABHINOVDUTTA,9/28/2025,2,447,Places + Things,RESTROOMS
OtherBuildings.DignityHealthArena.L01.131,RESTROOM,131,"RESTROOM, L01",OtherBuildings.DignityHealthArena.L01,,0,,none,362.51659454700,0.00000000000,0,,,ABHINOVDUTTA,9/17/2025,ABHINOVDUTTA,9/28/2025,2,448,Places + Things,RESTROOMS
OtherBuildings.DignityHealthArena.L01.134,RESTROOM,134,"RESTROOM, L01",OtherBuildings.DignityHealthArena.L01,,0,,none,47.45359976660,0.00000000000,0,,,ABHINOVDUTTA,9/17/2025,ABHINOVDUTTA,9/28/2025,2,449,Places + Things,RESTROOMS
OtherBuildings.DignityHealthArena.L01.138,RESTROOM,138,"RESTROOM, L01",OtherBuildings.DignityHealthArena.L01,,0,,none,47.47031917810,0.00000000000,0,,,ABHINOVDUTTA,9/17/2025,ABHINOVDUTTA,9/28/2025,2,450,Places + Things,RESTROOMS
OtherBuildings.DignityHealthArena.L01.140,RESTROOM,140,"RESTROOM, L01",OtherBuildings.DignityHealthArena.L01,,0,,none,46.90116794730,0.00000000000,0,,,ABHINOVDUTTA,9/17/2025,ABHINOVDUTTA,9/28/2025,2,451,Places + Things,RESTROOMS
OtherBuildings.DignityHealthArena.L01.142,RESTROOM,142,"RESTROOM, L01",OtherBuildings.DignityHealthArena.L01,,0,,none,46.58694459750,0.00000000000,0,,,ABHINOVDUTTA,9/17/2025,ABHINOVDUTTA,9/28/2025,2,452,Places + Things,RESTROOMS
OtherBuildings.DignityHealthArena.L01.144,RESTROOM,144,"RESTROOM, L01",OtherBuildings.DignityHealthArena.L01,,0,,none,46.42679738220,0.00000000000,0,,,ABHINOVDUTTA,9/17/2025,ABHINOVDUTTA,9/28/2025,2,453,Places + Things,RESTROOMS
OtherBuildings.DignityHealthArena.L01.147,RESTROOM,147,"RESTROOM, L01",OtherBuildings.DignityHealthArena.L01,,0,,none,46.38555052270,0.00000000000,0,,,ABHINOVDUTTA,9/17/2025,ABHINOVDUTTA,9/28/2025,2,454,Places + Things,RESTROOMS
OtherBuildings.DignityHealthArena.L01.151,RESTROOM,151,"RESTROOM, L01",OtherBuildings.DignityHealthArena.L01,,0,,none,434.36355371100,0.00000000000,0,,,ABHINOVDUTTA,9/17/2025,ABHINOVDUTTA,9/28/2025,2,455,Places + Things,RESTROOMS
OtherBuildings.DignityHealthArena.L01.159,STORAGE,159,"STORAGE, L01",OtherBuildings.DignityHealthArena.L01,,0,,none,84.96010186210,0.00000000000,0,,,ABHINOVDUTTA,9/17/2025,ABHINOVDUTTA,9/28/2025,2,457,Places + Things,STORAGE
OtherBuildings.DignityHealthArena.L01.164,RESTROOM,164,"RESTROOM, L01",OtherBuildings.DignityHealthArena.L01,,0,,none,397.11459891700,0.00000000000,0,,,ABHINOVDUTTA,9/17/2025,ABHINOVDUTTA,9/28/2025,2,458,Places + Things,RESTROOMS
OtherBuildings.DignityHealthArena.L01.165,RESTROOM,165,"RESTROOM, L01",OtherBuildings.DignityHealthArena.L01,,0,,none,256.17755008200,0.00000000000,0,,,ABHINOVDUTTA,9/17/2025,ABHINOVDUTTA,9/28/2025,2,459,Places + Things,RESTROOMS
OtherBuildings.DignityHealthArena.L01.160,CONCESSIONS,160,"CONCESSIONS, L01",OtherBuildings.DignityHealthArena.L01,,0,,none,307.47059172100,0.00000000000,0,,,ABHINOVDUTTA,9/17/2025,ABHINOVDUTTA,9/28/2025,2,460,Retail + Services,FOOD SERVICE
OtherBuildings.DignityHealthArena.L01.102,STORAGE,102,"STORAGE, L01",OtherBuildings.DignityHealthArena.L01,,0,,none,266.31277518200,0.00000000000,0,,,ABHINOVDUTTA,9/17/2025,ABHINOVDUTTA,9/28/2025,2,465,Places + Things,STORAGE
OtherBuildings.DignityHealthArena.L01.145,RESTROOM,145,"RESTROOM, L01",OtherBuildings.DignityHealthArena.L01,,0,,none,892.09692809000,0.00000000000,0,,,ABHINOVDUTTA,9/17/2025,ABHINOVDUTTA,9/28/2025,2,471,Places + Things,RESTROOMS
OtherBuildings.DignityHealthArena.L01.149,FIRST AID,149,"FIRST AID, L01",OtherBuildings.DignityHealthArena.L01,,0,,none,76.40007296330,0.00000000000,0,,,ABHINOVDUTTA,9/17/2025,ABHINOVDUTTA,9/28/2025,2,473,Safety + Security,FIRST AID
OtherBuildings.DignityHealthArena.L01.193,DINING,193,"DINING, L01",OtherBuildings.DignityHealthArena.L01,,0,,none,1548.92347508000,0.00000000000,0,,,ABHINOVDUTTA,9/17/2025,ABHINOVDUTTA,9/28/2025,2,477,Places + Things,FOOD SERVICE
OtherBuildings.DignityHealthArena.L01.105,RESTROOM,105,"RESTROOM, L01",OtherBuildings.DignityHealthArena.L01,,0,,none,65.04392034410,0.00000000000,0,,,ABHINOVDUTTA,9/17/2025,ABHINOVDUTTA,9/28/2025,2,478,Places + Things,RESTROOMS
OtherBuildings.DignityHealthArena.L01.108,BREAK ROOM,108,"BREAK ROOM, L01",OtherBuildings.DignityHealthArena.L01,,0,,none,104.25359408100,0.00000000000,0,,,ABHINOVDUTTA,9/17/2025,ABHINOVDUTTA,9/28/2025,2,480,Places + Things,BREAK ROOM
OtherBuildings.DignityHealthArena.L01.107,STORAGE,107,"STORAGE, L01",OtherBuildings.DignityHealthArena.L01,,0,,none,39.76979998250,0.00000000000,0,,,ABHINOVDUTTA,9/17/2025,ABHINOVDUTTA,9/28/2025,2,492,Places + Things,STORAGE
OtherBuildings.DignityHealthArena.L01.110,STORAGE,110,"STORAGE, L01",OtherBuildings.DignityHealthArena.L01,,0,,none,366.07548235000,0.00000000000,0,,,ABHINOVDUTTA,9/17/2025,ABHINOVDUTTA,9/28/2025,2,494,Places + Things,STORAGE
OtherBuildings.DignityHealthArena.L01.101,LOBBY,101,"LOBBY, L01",OtherBuildings.DignityHealthArena.L01,,0,,none,351.63518707300,0.00000000000,0,,,ABHINOVDUTTA,9/17/2025,ABHINOVDUTTA,9/28/2025,2,495,Places + Things,RECEPTION AND WAITING
OtherBuildings.DignityHealthArena.L01.130,JANITOR CLOSET,130,"JANITOR CLOSET, L01",OtherBuildings.DignityHealthArena.L01,,0,,none,43.94283976760,0.00000000000,0,,,ABHINOVDUTTA,9/17/2025,ABHINOVDUTTA,9/28/2025,2,497,Places + Things,STORAGE
OtherBuildings.DignityHealthArena.L01.1-LO3,LOBBY,1-LO3,"LOBBY, L01",OtherBuildings.DignityHealthArena.L01,,0,,none,321.87095857400,0.00000000000,0,,,ABHINOVDUTTA,9/17/2025,ABHINOVDUTTA,9/28/2025,2,499,Places + Things,RECEPTION AND WAITING
OtherBuildings.DignityHealthArena.L01.S-S,STAIR,S-S,"STAIR, L01",OtherBuildings.DignityHealthArena.L01,,0,,none,133.30111009800,0.00000000000,0,,,ABHINOVDUTTA,9/17/2025,ABHINOVDUTTA,9/28/2025,2,500,Places + Things,STAIRS
OtherBuildings.DignityHealthArena.L01.1-RCP1,RECEPTION,1-RCP1,"RECEPTION, L01",OtherBuildings.DignityHealthArena.L01,,0,,none,171.01761919600,0.00000000000,0,,,ABHINOVDUTTA,9/17/2025,ABHINOVDUTTA,9/28/2025,2,501,Places + Things,RECEPTION AND WAITING
OtherBuildings.DignityHealthArena.L01.S-1,STAIR,S-1,"STAIR, L01",OtherBuildings.DignityHealthArena.L01,,0,,none,274.22964091000,0.00000000000,0,,,ABHINOVDUTTA,9/17/2025,ABHINOVDUTTA,9/28/2025,2,502,Places + Things,STAIRS
OtherBuildings.DignityHealthArena.L01.1-ST5,STORAGE,1-ST5,"STORAGE, L01",OtherBuildings.DignityHealthArena.L01,,0,,none,36.41874567200,0.00000000000,0,,,ABHINOVDUTTA,9/17/2025,ABHINOVDUTTA,9/28/2025,2,503,Places + Things,STORAGE
OtherBuildings.DignityHealthArena.L01.S-R,STAIR,S-R,"STAIR, L01",OtherBuildings.DignityHealthArena.L01,,0,,none,159.70851214400,0.00000000000,0,,,ABHINOVDUTTA,9/17/2025,ABHINOVDUTTA,9/28/2025,2,504,Places + Things,STAIRS
OtherBuildings.DignityHealthArena.L01.S-Q,STAIR,S-Q,"STAIR, L01",OtherBuildings.DignityHealthArena.L01,,0,,none,185.17385114900,0.00000000000,0,,,ABHINOVDUTTA,9/17/2025,ABHINOVDUTTA,9/28/2025,2,506,Places + Things,STAIRS
OtherBuildings.DignityHealthArena.L01.1-ST6,STORAGE,1-ST6,"STORAGE, L01",OtherBuildings.DignityHealthArena.L01,,0,,none,59.22498602820,0.00000000000,0,,,ABHINOVDUTTA,9/17/2025,ABHINOVDUTTA,9/28/2025,2,508,Places + Things,STORAGE
OtherBuildings.DignityHealthArena.L02.E2,ELEVATOR,E2,"ELEVATOR, L02",OtherBuildings.DignityHealthArena.L02,,0,,none,55.31453383910,32.00000000000,0,,,ABHINOVDUTTA,10/1/2025,ABHINOVDUTTA,10/1/2025,2,1316,Places + Things,ELEVATOR
OtherBuildings.DignityHealthArena.L02.E1,ELEVATOR,E1,"ELEVATOR, L02",OtherBuildings.DignityHealthArena.L02,,0,,none,123.70070342000,32.00000000000,0,,,ABHINOVDUTTA,10/1/2025,ABHINOVDUTTA,10/1/2025,2,1317,Places + Things,ELEVATOR
OtherBuildings.DignityHealthArena.L02.2-LO1,LOBBY,2-LO1,"LOBBY, L02",OtherBuildings.DignityHealthArena.L02,,0,,none,337.27762298600,32.00000000000,0,,,ABHINOVDUTTA,10/1/2025,ABHINOVDUTTA,10/1/2025,2,1318,Places + Things,RECEPTION AND WAITING
OtherBuildings.DignityHealthArena.L02.S-A,STAIR,S-A,"STAIR, L02",OtherBuildings.DignityHealthArena.L02,,0,,none,137.75357696200,32.00000000000,0,,,ABHINOVDUTTA,10/1/2025,ABHINOVDUTTA,10/1/2025,2,1319,Places + Things,STAIRS
OtherBuildings.DignityHealthArena.L02.228,RESTROOM,228,"RESTROOM, L02",OtherBuildings.DignityHealthArena.L02,,0,,none,49.26640682130,32.00000000000,0,,,ABHINOVDUTTA,10/1/2025,ABHINOVDUTTA,10/1/2025,2,1321,Places + Things,RESTROOMS
OtherBuildings.DignityHealthArena.L02.226,RESTROOM,226,"RESTROOM, L02",OtherBuildings.DignityHealthArena.L02,,0,,none,50.46326640950,32.00000000000,0,,,ABHINOVDUTTA,10/1/2025,ABHINOVDUTTA,10/1/2025,2,1324,Places + Things,RESTROOMS
OtherBuildings.DignityHealthArena.L02.224,RESTROOM,224,"RESTROOM, L02",OtherBuildings.DignityHealthArena.L02,,0,,none,49.51548911270,32.00000000000,0,,,ABHINOVDUTTA,10/1/2025,ABHINOVDUTTA,10/1/2025,2,1325,Places + Things,RESTROOMS
OtherBuildings.DignityHealthArena.L02.222,RESTROOM,222,"RESTROOM, L02",OtherBuildings.DignityHealthArena.L02,,0,,none,49.97468641480,32.00000000000,0,,,ABHINOVDUTTA,10/1/2025,ABHINOVDUTTA,10/1/2025,2,1328,Places + Things,RESTROOMS
OtherBuildings.DignityHealthArena.L02.220,RESTROOM,220,"RESTROOM, L02",OtherBuildings.DignityHealthArena.L02,,0,,none,50.68661850610,32.00000000000,0,,,ABHINOVDUTTA,10/1/2025,ABHINOVDUTTA,10/1/2025,2,1329,Places + Things,RESTROOMS
OtherBuildings.DignityHealthArena.L02.218,RESTROOM,218,"RESTROOM, L02",OtherBuildings.DignityHealthArena.L02,,0,,none,49.97813826210,32.00000000000,0,,,ABHINOVDUTTA,10/1/2025,ABHINOVDUTTA,10/1/2025,2,1331,Places + Things,RESTROOMS
OtherBuildings.DignityHealthArena.L02.216,RESTROOM,216,"RESTROOM, L02",OtherBuildings.DignityHealthArena.L02,,0,,none,50.33976980190,32.00000000000,0,,,ABHINOVDUTTA,10/1/2025,ABHINOVDUTTA,10/1/2025,2,1332,Places + Things,RESTROOMS
OtherBuildings.DignityHealthArena.L02.212,RESTROOM,212,"RESTROOM, L02",OtherBuildings.DignityHealthArena.L02,,0,,none,50.19981230030,32.00000000000,0,,,ABHINOVDUTTA,10/1/2025,ABHINOVDUTTA,10/1/2025,2,1336,Places + Things,RESTROOMS
OtherBuildings.DignityHealthArena.L02.210,RESTROOM,210,"RESTROOM, L02",OtherBuildings.DignityHealthArena.L02,,0,,none,49.24981816560,32.00000000000,0,,,ABHINOVDUTTA,10/1/2025,ABHINOVDUTTA,10/1/2025,2,1337,Places + Things,RESTROOMS
OtherBuildings.DignityHealthArena.L02.208,RESTROOM,208,"RESTROOM, L02",OtherBuildings.DignityHealthArena.L02,,0,,none,50.04574119370,32.00000000000,0,,,ABHINOVDUTTA,10/1/2025,ABHINOVDUTTA,10/1/2025,2,1338,Places + Things,RESTROOMS
OtherBuildings.DignityHealthArena.L02.206,JANITOR CLOSET,206,"JANITOR CLOSET, L02",OtherBuildings.DignityHealthArena.L02,,0,,none,49.70119888640,32.00000000000,0,,,ABHINOVDUTTA,10/1/2025,ABHINOVDUTTA,10/1/2025,2,1340,Places + Things,STORAGE
OtherBuildings.DignityHealthArena.L02.205,RESTROOM,205,"RESTROOM, L02",OtherBuildings.DignityHealthArena.L02,,0,,none,63.97498108140,32.00000000000,0,,,ABHINOVDUTTA,10/1/2025,ABHINOVDUTTA,10/1/2025,2,1341,Places + Things,RESTROOMS
OtherBuildings.DignityHealthArena.L02.SX,STAIR,SX,"STAIR, L02",OtherBuildings.DignityHealthArena.L02,,0,,none,98.91020813740,32.00000000000,0,,,ABHINOVDUTTA,10/1/2025,ABHINOVDUTTA,10/1/2025,2,1346,Places + Things,STAIRS
OtherBuildings.DignityHealthArena.L02.SY,STAIR,SY,"STAIR, L02",OtherBuildings.DignityHealthArena.L02,,0,,none,146.02719600000,32.00000000000,0,,,ABHINOVDUTTA,10/1/2025,ABHINOVDUTTA,10/1/2025,2,1347,Places + Things,STAIRS
OtherBuildings.DignityHealthArena.L02.2-SA1,STAIR,2-SA1,"STAIR, L02",OtherBuildings.DignityHealthArena.L02,,0,,none,42.68458692440,32.00000000000,0,,,ABHINOVDUTTA,10/1/2025,ABHINOVDUTTA,10/1/2025,2,1578,Places + Things,STAIRS
OtherBuildings.DignityHealthArena.L02.2-SA2,STAIR,2-SA2,"STAIR, L02",OtherBuildings.DignityHealthArena.L02,,0,,none,40.57143019030,32.00000000000,0,,,ABHINOVDUTTA,10/1/2025,ABHINOVDUTTA,10/1/2025,2,1579,Places + Things,STAIRS
OtherBuildings.DignityHealthArena.L02.2-SA3,STAIR,2-SA3,"STAIR, L02",OtherBuildings.DignityHealthArena.L02,,0,,none,43.72103525680,32.00000000000,0,,,ABHINOVDUTTA,10/1/2025,ABHINOVDUTTA,10/1/2025,2,1580,Places + Things,STAIRS
OtherBuildings.DignityHealthArena.L02.2-SA4,STAIR,2-SA4,"STAIR, L02",OtherBuildings.DignityHealthArena.L02,,0,,none,42.85987252020,32.00000000000,0,,,ABHINOVDUTTA,10/1/2025,ABHINOVDUTTA,10/1/2025,2,1581,Places + Things,STAIRS
OtherBuildings.DignityHealthArena.L02.2-SA5,STAIR,2-SA5,"STAIR, L02",OtherBuildings.DignityHealthArena.L02,,0,,none,48.32018893220,32.00000000000,0,,,ABHINOVDUTTA,10/1/2025,ABHINOVDUTTA,10/1/2025,2,1582,Places + Things,STAIRS
OtherBuildings.DignityHealthArena.L02.2-SA6,STAIR,2-SA6,"STAIR, L02",OtherBuildings.DignityHealthArena.L02,,0,,none,49.22413869320,32.00000000000,0,,,ABHINOVDUTTA,10/1/2025,ABHINOVDUTTA,10/1/2025,2,1583,Places + Things,STAIRS
OtherBuildings.DignityHealthArena.L02.2-SA7,STAIR,2-SA7,"STAIR, L02",OtherBuildings.DignityHealthArena.L02,,0,,none,44.46784973640,32.00000000000,0,,,ABHINOVDUTTA,10/1/2025,ABHINOVDUTTA,10/1/2025,2,1584,Places + Things,STAIRS
OtherBuildings.DignityHealthArena.L02.2-SA8,STAIR,2-SA8,"STAIR, L02",OtherBuildings.DignityHealthArena.L02,,0,,none,49.71640475410,32.00000000000,0,,,ABHINOVDUTTA,10/1/2025,ABHINOVDUTTA,10/1/2025,2,1585,Places + Things,STAIRS
OtherBuildings.DignityHealthArena.L02.2-SA9,STAIR,2-SA9,"STAIR, L02",OtherBuildings.DignityHealthArena.L02,,0,,none,50.82882166250,32.00000000000,0,,,ABHINOVDUTTA,10/1/2025,ABHINOVDUTTA,10/1/2025,2,1586,Places + Things,STAIRS
OtherBuildings.DignityHealthArena.L02.2-SA10,STAIR,2-SA10,"STAIR, L02",OtherBuildings.DignityHealthArena.L02,,0,,none,45.65326554690,32.00000000000,0,,,ABHINOVDUTTA,10/1/2025,ABHINOVDUTTA,10/1/2025,2,1587,Places + Things,STAIRS
OtherBuildings.DignityHealthArena.L02.2-SA11,STAIR,2-SA11,"STAIR, L02",OtherBuildings.DignityHealthArena.L02,,0,,none,45.37181518130,32.00000000000,0,,,ABHINOVDUTTA,10/1/2025,ABHINOVDUTTA,10/1/2025,2,1588,Places + Things,STAIRS
OtherBuildings.DignityHealthArena.L02.2-SA12,STAIR,2-SA12,"STAIR, L02",OtherBuildings.DignityHealthArena.L02,,0,,none,44.67929794200,32.00000000000,0,,,ABHINOVDUTTA,10/1/2025,ABHINOVDUTTA,10/1/2025,2,1589,Places + Things,STAIRS
OtherBuildings.DignityHealthArena.L02.2-SA13,STAIR,2-SA13,"STAIR, L02",OtherBuildings.DignityHealthArena.L02,,0,,none,43.42669993950,32.00000000000,0,,,ABHINOVDUTTA,10/1/2025,ABHINOVDUTTA,10/1/2025,2,1590,Places + Things,STAIRS
OtherBuildings.DignityHealthArena.L0.085,HOUSEKEEPING STORAGE,085,"HOUSEKEEPING STORAGE, L0",OtherBuildings.DignityHealthArena.L0,,0,,none,246.11132946900,0.00000000000,0,,,ABHINOVDUTTA,9/17/2025,TARAMAYNARD,9/29/2025,2,298,Places + Things,STORAGE
OtherBuildings.DignityHealthArena.L0.E1,ELEVATOR,E1,"ELEVATOR, L0",OtherBuildings.DignityHealthArena.L0,,0,,none,34.33747400630,0.00000000000,0,,,ABHINOVDUTTA,9/17/2025,TARAMAYNARD,9/29/2025,2,301,Places + Things,ELEVATOR
OtherBuildings.DignityHealthArena.L0.061,STORAGE,061,"STORAGE, L0",OtherBuildings.DignityHealthArena.L0,,0,,none,5562.42981462000,0.00000000000,0,,,ABHINOVDUTTA,9/17/2025,TARAMAYNARD,9/29/2025,2,305,Places + Things,STORAGE
OtherBuildings.DignityHealthArena.L0.066,IT CLOSET,066,"IT CLOSET, L0",OtherBuildings.DignityHealthArena.L0,,0,,none,51.98244805580,0.00000000000,0,,,ABHINOVDUTTA,9/17/2025,TARAMAYNARD,9/29/2025,2,317,Places + Things,STORAGE
OtherBuildings.DignityHealthArena.L0.005,RESTROOM,005,"RESTROOM, L0",OtherBuildings.DignityHealthArena.L0,,0,,none,58.44830094150,0.00000000000,0,,,ABHINOVDUTTA,9/17/2025,TARAMAYNARD,9/29/2025,2,321,Places + Things,RESTROOMS
OtherBuildings.DignityHealthArena.L0.014,STORAGE,014,"STORAGE, L0",OtherBuildings.DignityHealthArena.L0,,0,,none,41.93423945570,0.00000000000,0,,,ABHINOVDUTTA,9/17/2025,TARAMAYNARD,9/29/2025,2,326,Places + Things,STORAGE
OtherBuildings.DignityHealthArena.L0.028,RESTROOM,028,"RESTROOM, L0",OtherBuildings.DignityHealthArena.L0,,0,,none,144.44470989500,0.00000000000,0,,,ABHINOVDUTTA,9/17/2025,TARAMAYNARD,9/29/2025,2,333,Places + Things,RESTROOMS
OtherBuildings.DignityHealthArena.L0.029,CHANGING,029,"CHANGING, L0",OtherBuildings.DignityHealthArena.L0,,0,,none,388.01649294100,0.00000000000,0,,,ABHINOVDUTTA,9/17/2025,TARAMAYNARD,9/29/2025,2,334,Places + Things,LOCKER ROOMS AND SHOWERS
OtherBuildings.DignityHealthArena.L0.030,RESTROOM,030,"RESTROOM, L0",OtherBuildings.DignityHealthArena.L0,,0,,none,143.56308443900,0.00000000000,0,,,ABHINOVDUTTA,9/17/2025,TARAMAYNARD,9/29/2025,2,335,Places + Things,RESTROOMS
OtherBuildings.DignityHealthArena.L0.041,SHOWERS,041,"SHOWERS, L0",OtherBuildings.DignityHealthArena.L0,,0,,none,134.01430822200,0.00000000000,0,,,ABHINOVDUTTA,9/17/2025,TARAMAYNARD,9/29/2025,2,337,Places + Things,LOCKER ROOMS AND SHOWERS
OtherBuildings.DignityHealthArena.L0.040,RESTROOM,040,"RESTROOM, L0",OtherBuildings.DignityHealthArena.L0,,0,,none,110.60288612500,0.00000000000,0,,,ABHINOVDUTTA,9/17/2025,TARAMAYNARD,9/29/2025,2,338,Places + Things,RESTROOMS
OtherBuildings.DignityHealthArena.L0.043,RESTROOM,043,"RESTROOM, L0",OtherBuildings.DignityHealthArena.L0,,0,,none,109.05902389700,0.00000000000,0,,,ABHINOVDUTTA,9/17/2025,TARAMAYNARD,9/29/2025,2,339,Places + Things,RESTROOMS
OtherBuildings.DignityHealthArena.L0.059,SHOWERS,059,"SHOWERS, L0",OtherBuildings.DignityHealthArena.L0,,0,,none,95.22762928040,0.00000000000,0,,,ABHINOVDUTTA,9/17/2025,TARAMAYNARD,9/29/2025,2,340,Places + Things,LOCKER ROOMS AND SHOWERS
OtherBuildings.DignityHealthArena.L0.058,RESTROOM,058,"RESTROOM, L0",OtherBuildings.DignityHealthArena.L0,,0,,none,139.19058968200,0.00000000000,0,,,ABHINOVDUTTA,9/17/2025,TARAMAYNARD,9/29/2025,2,341,Places + Things,RESTROOMS
OtherBuildings.DignityHealthArena.L0.054,SHOWERS,054,"SHOWERS, L0",OtherBuildings.DignityHealthArena.L0,,0,,none,97.99511768480,0.00000000000,0,,,ABHINOVDUTTA,9/17/2025,TARAMAYNARD,9/29/2025,2,342,Places + Things,LOCKER ROOMS AND SHOWERS
OtherBuildings.DignityHealthArena.L0.053,RESTROOM,053,"RESTROOM, L0",OtherBuildings.DignityHealthArena.L0,,0,,none,143.81696474400,0.00000000000,0,,,ABHINOVDUTTA,9/17/2025,TARAMAYNARD,9/29/2025,2,343,Places + Things,RESTROOMS
OtherBuildings.DignityHealthArena.L0.050,SHOWERS,050,"SHOWERS, L0",OtherBuildings.DignityHealthArena.L0,,0,,none,88.28151306900,0.00000000000,0,,,ABHINOVDUTTA,9/17/2025,TARAMAYNARD,9/29/2025,2,346,Places + Things,LOCKER ROOMS AND SHOWERS
OtherBuildings.DignityHealthArena.L0.049,RESTROOM,049,"RESTROOM, L0",OtherBuildings.DignityHealthArena.L0,,0,,none,278.68381787800,0.00000000000,0,,,ABHINOVDUTTA,9/17/2025,TARAMAYNARD,9/29/2025,2,347,Places + Things,RESTROOMS
OtherBuildings.DignityHealthArena.L0.024,RESTROOM,024,"RESTROOM, L0",OtherBuildings.DignityHealthArena.L0,,0,,none,129.39910886300,0.00000000000,0,,,ABHINOVDUTTA,9/17/2025,TARAMAYNARD,9/29/2025,2,349,Places + Things,RESTROOMS
OtherBuildings.DignityHealthArena.L0.023,SHOWERS,023,"SHOWERS, L0",OtherBuildings.DignityHealthArena.L0,,0,,none,161.41341079900,0.00000000000,0,,,ABHINOVDUTTA,9/17/2025,TARAMAYNARD,9/29/2025,2,350,Places + Things,LOCKER ROOMS AND SHOWERS
OtherBuildings.DignityHealthArena.L0.079,WOMEN'S RESTROOM,079,"WOMEN'S RESTROOM, L0",OtherBuildings.DignityHealthArena.L0,,0,,none,417.57153339700,0.00000000000,0,,,ABHINOVDUTTA,9/17/2025,TARAMAYNARD,9/29/2025,2,351,Places + Things,RESTROOMS
OtherBuildings.DignityHealthArena.L0.076,MEN'S RESTROOM,076,"MEN'S RESTROOM, L0",OtherBuildings.DignityHealthArena.L0,,0,,none,458.81167227100,0.00000000000,0,,,ABHINOVDUTTA,9/17/2025,TARAMAYNARD,9/29/2025,2,352,Places + Things,RESTROOMS
OtherBuildings.DignityHealthArena.L0.1,DRESSING,1,"DRESSING, L0",OtherBuildings.DignityHealthArena.L0,,0,,none,383.73961709500,0.00000000000,0,,,ABHINOVDUTTA,9/17/2025,TARAMAYNARD,9/29/2025,2,355,Places + Things,LOCKER ROOMS AND SHOWERS
OtherBuildings.DignityHealthArena.L0.4,DRESSING,4,"DRESSING, L0",OtherBuildings.DignityHealthArena.L0,,0,,none,431.82452493900,0.00000000000,0,,,ABHINOVDUTTA,9/17/2025,TARAMAYNARD,9/29/2025,2,356,Places + Things,LOCKER ROOMS AND SHOWERS
OtherBuildings.DignityHealthArena.L0.5,DRESSING,5,"DRESSING, L0",OtherBuildings.DignityHealthArena.L0,,0,,none,396.52625229300,0.00000000000,0,,,ABHINOVDUTTA,9/17/2025,TARAMAYNARD,9/29/2025,2,357,Places + Things,LOCKER ROOMS AND SHOWERS
OtherBuildings.DignityHealthArena.L0.6,DRESSING,6,"DRESSING, L0",OtherBuildings.DignityHealthArena.L0,,0,,none,288.03975304100,0.00000000000,0,,,ABHINOVDUTTA,9/17/2025,TARAMAYNARD,9/29/2025,2,358,Places + Things,LOCKER ROOMS AND SHOWERS
OtherBuildings.DignityHealthArena.L0.3,DRESSING,3,"DRESSING, L0",OtherBuildings.DignityHealthArena.L0,,0,,none,133.95588642000,0.00000000000,0,,,ABHINOVDUTTA,9/17/2025,TARAMAYNARD,9/29/2025,2,359,Places + Things,LOCKER ROOMS AND SHOWERS
OtherBuildings.DignityHealthArena.L0.2,DRESSING,2,"DRESSING, L0",OtherBuildings.DignityHealthArena.L0,,0,,none,642.01542583000,0.00000000000,0,,,ABHINOVDUTTA,9/17/2025,TARAMAYNARD,9/29/2025,2,360,Places + Things,LOCKER ROOMS AND SHOWERS
OtherBuildings.DignityHealthArena.L0.071,KITCHEN,071,"KITCHEN, L0",OtherBuildings.DignityHealthArena.L0,,0,,none,1689.76162629000,0.00000000000,0,,,ABHINOVDUTTA,9/17/2025,TARAMAYNARD,9/29/2025,2,364,Places + Things,BREAK ROOM
OtherBuildings.DignityHealthArena.L0.026,STAIR,026,"STAIR, L0",OtherBuildings.DignityHealthArena.L0,,0,,none,383.09496702200,0.00000000000,0,,,ABHINOVDUTTA,9/17/2025,TARAMAYNARD,9/29/2025,2,367,Places + Things,STAIRS
OtherBuildings.DignityHealthArena.L0.S-V,STAIR,S-V,"STAIR, L0",OtherBuildings.DignityHealthArena.L0,,0,,none,169.01539987600,0.00000000000,0,,,ABHINOVDUTTA,9/17/2025,TARAMAYNARD,9/29/2025,2,368,Places + Things,STAIRS
OtherBuildings.DignityHealthArena.L0.015,SOUTH STORAGE,015,"SOUTH STORAGE, L0",OtherBuildings.DignityHealthArena.L0,,0,,none,2021.30244607000,0.00000000000,0,,,ABHINOVDUTTA,9/17/2025,TARAMAYNARD,9/29/2025,2,371,Places + Things,STORAGE
OtherBuildings.DignityHealthArena.L0.S-T,STAIR,S-T,"STAIR, L0",OtherBuildings.DignityHealthArena.L0,,0,,none,281.39243185200,0.00000000000,0,,,ABHINOVDUTTA,9/17/2025,TARAMAYNARD,9/29/2025,2,372,Places + Things,STAIRS
OtherBuildings.DignityHealthArena.L0.S-1,STAIR,S-1,"STAIR, L0",OtherBuildings.DignityHealthArena.L0,,0,,none,290.11711874800,0.00000000000,0,,,ABHINOVDUTTA,9/17/2025,TARAMAYNARD,9/29/2025,2,374,Places + Things,STAIRS
OtherBuildings.DignityHealthArena.L0.E1,ELEVATOR,E1,"ELEVATOR, L0",OtherBuildings.DignityHealthArena.L0,,0,,none,111.33808780100,0.00000000000,0,,,ABHINOVDUTTA,9/17/2025,TARAMAYNARD,9/29/2025,2,375,Places + Things,ELEVATOR
OtherBuildings.DignityHealthArena.L0.BL-ST1,STORAGE,BL-ST1,"STORAGE, L0",OtherBuildings.DignityHealthArena.L0,,0,,none,381.43741795400,0.00000000000,0,,,ABHINOVDUTTA,9/17/2025,TARAMAYNARD,9/29/2025,2,378,Places + Things,STORAGE
OtherBuildings.DignityHealthArena.L0.BL-ST2,STORAGE,BL-ST2,"STORAGE, L0",OtherBuildings.DignityHealthArena.L0,,0,,none,204.61803810100,0.00000000000,0,,,ABHINOVDUTTA,9/17/2025,TARAMAYNARD,9/29/2025,2,379,Places + Things,STORAGE
OtherBuildings.DignityHealthArena.L0.033,LOCKER,033,"LOCKER, L0",OtherBuildings.DignityHealthArena.L0,,0,,none,485.83579120200,0.00000000000,0,,,ABHINOVDUTTA,9/17/2025,TARAMAYNARD,9/29/2025,2,382,Places + Things,LOCKER ROOMS AND SHOWERS
OtherBuildings.DignityHealthArena.L0.047,LOCKER,047,"LOCKER, L0",OtherBuildings.DignityHealthArena.L0,,0,,none,707.51947120100,0.00000000000,0,,,ABHINOVDUTTA,9/17/2025,TARAMAYNARD,9/29/2025,2,383,Places + Things,LOCKER ROOMS AND SHOWERS
OtherBuildings.DignityHealthArena.L0.BL-ST3,STORAGE,BL-ST3,"STORAGE, L0",OtherBuildings.DignityHealthArena.L0,,0,,none,46.25143550450,0.00000000000,0,,,ABHINOVDUTTA,9/17/2025,TARAMAYNARD,9/29/2025,2,384,Places + Things,STORAGE
OtherBuildings.DignityHealthArena.L0.BL-RES1,RESTROOM,BL-RES1,"RESTROOM, L0",OtherBuildings.DignityHealthArena.L0,,0,,none,156.71549530700,0.00000000000,0,,,ABHINOVDUTTA,9/17/2025,TARAMAYNARD,9/29/2025,2,386,Places + Things,RESTROOMS
OtherBuildings.DignityHealthArena.L0.BL-LO1,LOBBY,BL-LO1,"LOBBY, L0",OtherBuildings.DignityHealthArena.L0,,0,,none,20.24213882680,0.00000000000,0,,,ABHINOVDUTTA,9/17/2025,TARAMAYNARD,9/29/2025,2,388,Places + Things,RECEPTION AND WAITING
OtherBuildings.DignityHealthArena.L01.ENT1,ENTRANCE,ENT1,"ENTRANCE, L01",OtherBuildings.DignityHealthArena.L01,,0,,none,0.00000000000,0.00000000000,0,,,,10/1/2025,TARAMAYNARD,,6,0,Safety + Security,ENTRANCES
OtherBuildings.DignityHealthArena.L01.ENT2,ENTRANCE,ENT2,"ENTRANCE, L01",OtherBuildings.DignityHealthArena.L01,,0,,none,0.00000000000,0.00000000000,0,,,,10/1/2025,TARAMAYNARD,,6,0,Safety + Security,ENTRANCES
OtherBuildings.DignityHealthArena.L01.EXT1,EXIT,EXT1,"EXIT, L01",OtherBuildings.DignityHealthArena.L01,,0,,none,0.00000000000,0.00000000000,0,,,,10/1/2025,TARAMAYNARD,,6,0,Safety + Security,EXITS
OtherBuildings.DignityHealthArena.L01.EXT2,EXIT,EXT2,"EXIT, L01",OtherBuildings.DignityHealthArena.L01,,0,,none,0.00000000000,0.00000000000,0,,,,10/1/2025,TARAMAYNARD,,6,0,Safety + Security,EXITS
OtherBuildings.DignityHealthArena.L01.ENT3,ENTRANCE,ENT3,"ENTRANCE, L01",OtherBuildings.DignityHealthArena.L01,,0,,none,0.00000000000,0.00000000000,0,,,,10/1/2025,TARAMAYNARD,,6,0,Safety + Security,ENTRANCES
OtherBuildings.DignityHealthArena.L01.EXT3,EXIT,ENT3,"EXIT, L01",OtherBuildings.DignityHealthArena.L01,,0,,none,0.00000000000,0.00000000000,0,,,,10/1/2025,TARAMAYNARD,,6,0,Safety + Security,EXITS
OtherBuildings.DignityHealthArena.L01.ENT4,ENTRANCE,ENT4,"ENTRANCE, L01",OtherBuildings.DignityHealthArena.L01,,0,,none,0.00000000000,0.00000000000,0,,,,10/1/2025,TARAMAYNARD,,6,0,Safety + Security,ENTRANCES
OtherBuildings.DignityHealthArena.L01.EXT4,EXIT,EXT4,"EXIT, L01",OtherBuildings.DignityHealthArena.L01,,0,,none,0.00000000000,0.00000000000,0,,,,10/1/2025,TARAMAYNARD,,6,0,Safety + Security,EXITS
OtherBuildings.DignityHealthArena.L01.ENT5,ENTRANCE,ENT5,"ENTRANCE, L01",OtherBuildings.DignityHealthArena.L01,,0,,none,0.00000000000,0.00000000000,0,,,,10/1/2025,TARAMAYNARD,,6,0,Safety + Security,ENTRANCES
OtherBuildings.DignityHealthArena.L01.EXT5,EXIT,EXT5,"EXIT, L01",OtherBuildings.DignityHealthArena.L01,,0,,none,0.00000000000,0.00000000000,0,,,,10/1/2025,TARAMAYNARD,,6,0,Safety + Security,EXITS
OtherBuildings.DignityHealthArena.L01.EXT6,EXIT,EXT6,"EXIT, L01",OtherBuildings.DignityHealthArena.L01,,0,,none,0.00000000000,0.00000000000,0,,,,10/1/2025,TARAMAYNARD,,6,0,Safety + Security,EXITS
OtherBuildings.DignityHealthArena.L01.EXT7,EXIT,EXT7,"EXIT, L01",OtherBuildings.DignityHealthArena.L01,,0,,none,0.00000000000,0.00000000000,0,,,,10/1/2025,TARAMAYNARD,,6,0,Safety + Security,EXITS
OtherBuildings.DignityHealthArena.L01.EXT8,EXIT,EXT8,"EXIT, L01",OtherBuildings.DignityHealthArena.L01,,0,,none,0.00000000000,0.00000000000,0,,,,10/1/2025,TARAMAYNARD,,6,0,Safety + Security,EXITS
OtherBuildings.DignityHealthArena.L01.ENT6,ENTRANCE,ENT6,"ENTRANCE, L01",OtherBuildings.DignityHealthArena.L01,,0,,none,0.00000000000,0.00000000000,0,,,,10/1/2025,TARAMAYNARD,,6,0,Safety + Security,ENTRANCES
OtherBuildings.DignityHealthArena.L01.ENT7,ENTRANCE,ENT7,"ENTRANCE, L01",OtherBuildings.DignityHealthArena.L01,,0,,none,0.00000000000,0.00000000000,0,,,,10/1/2025,TARAMAYNARD,,6,0,Safety + Security,ENTRANCES
OtherBuildings.DignityHealthArena.L01.ENT8,ENTRANCE,ENT8,"ENTRANCE, L01",OtherBuildings.DignityHealthArena.L01,,0,,none,0.00000000000,0.00000000000,0,,,,10/1/2025,TARAMAYNARD,,6,0,Safety + Security,ENTRANCES
OtherBuildings.DignityHealthArena.L01.ENT9,ENTRANCE,ENT9,"ENTRANCE, L01",OtherBuildings.DignityHealthArena.L01,,0,,none,0.00000000000,0.00000000000,0,,,,10/1/2025,TARAMAYNARD,,6,0,Safety + Security,ENTRANCES
OtherBuildings.DignityHealthArena.L01.ENT10,ENTRANCE,ENT10,"ENTRANCE, L01",OtherBuildings.DignityHealthArena.L01,,0,,none,0.00000000000,0.00000000000,0,,,,10/1/2025,TARAMAYNARD,,6,0,Safety + Security,ENTRANCES
OtherBuildings.DignityHealthArena.L01.ENT11,ENTRANCE,ENT11,"ENTRANCE, L01",OtherBuildings.DignityHealthArena.L01,,0,,none,0.00000000000,0.00000000000,0,,,,10/1/2025,TARAMAYNARD,,6,0,Safety + Security,ENTRANCES
OtherBuildings.DignityHealthArena.L01.ENT12,ENTRANCE,ENT12,"ENTRANCE, L01",OtherBuildings.DignityHealthArena.L01,,0,,none,0.00000000000,0.00000000000,0,,,,10/1/2025,TARAMAYNARD,,6,0,Safety + Security,ENTRANCES
OtherBuildings.DignityHealthArena.L01.ENT13,ENTRANCE,ENT13,"ENTRANCE, L01",OtherBuildings.DignityHealthArena.L01,,0,,none,0.00000000000,0.00000000000,0,,,,10/1/2025,TARAMAYNARD,,6,0,Safety + Security,ENTRANCES
OtherBuildings.DignityHealthArena.L01.ENT14,ENTRANCE,ENT14,"ENTRANCE, L01",OtherBuildings.DignityHealthArena.L01,,0,,none,0.00000000000,0.00000000000,0,,,,10/1/2025,TARAMAYNARD,,6,0,Safety + Security,ENTRANCES
OtherBuildings.DignityHealthArena.L01.ENT15,ENTRANCE,ENT15,"ENTRANCE, L01",OtherBuildings.DignityHealthArena.L01,,0,,none,0.00000000000,0.00000000000,0,,,,10/1/2025,TARAMAYNARD,,6,0,Safety + Security,ENTRANCES
OtherBuildings.DignityHealthArena.L01.ENT16,ENTRANCE,ENT16,"ENTRANCE, L01",OtherBuildings.DignityHealthArena.L01,,0,,none,0.00000000000,0.00000000000,0,,,,10/1/2025,TARAMAYNARD,,6,0,Safety + Security,ENTRANCES
OtherBuildings.DignityHealthArena.L01.ENT17,ENTRANCE,ENT17,"ENTRANCE, L01",OtherBuildings.DignityHealthArena.L01,,0,,none,0.00000000000,0.00000000000,0,,,,10/1/2025,TARAMAYNARD,,6,0,Safety + Security,ENTRANCES
OtherBuildings.DignityHealthArena.L01.ENT18,ENTRANCE,ENT18,"ENTRANCE, L01",OtherBuildings.DignityHealthArena.L01,,0,,none,0.00000000000,0.00000000000,0,,,,10/1/2025,TARAMAYNARD,,6,0,Safety + Security,ENTRANCES
OtherBuildings.DignityHealthArena.L01.ENT19,ENTRANCE,ENT19,"ENTRANCE, L01",OtherBuildings.DignityHealthArena.L01,,0,,none,0.00000000000,0.00000000000,0,,,,10/1/2025,TARAMAYNARD,,6,0,Safety + Security,ENTRANCES
OtherBuildings.DignityHealthArena.L01.ENT20,ENTRANCE,ENT,"ENTRANCE, L01",OtherBuildings.DignityHealthArena.L01,,0,,none,0.00000000000,0.00000000000,0,,,,10/1/2025,TARAMAYNARD,,6,0,Safety + Security,ENTRANCES
OtherBuildings.DignityHealthArena.L01.ENT21,ENTRANCE,ENT21,"ENTRANCE, L01",OtherBuildings.DignityHealthArena.L01,,0,,none,0.00000000000,0.00000000000,0,,,,,,,6,0,Safety + Security,ENTRANCES
OtherBuildings.DignityHealthArena.L01.ENT22,ENTRANCE,ENT22,"ENTRANCE, L01",OtherBuildings.DignityHealthArena.L01,,0,,none,0.00000000000,0.00000000000,0,,,,,,,6,0,Safety + Security,ENTRANCES
OtherBuildings.DignityHealthArena.L01.ENT23,ENTRANCE,ENT23,"ENTRANCE, L01",OtherBuildings.DignityHealthArena.L01,,0,,none,0.00000000000,0.00000000000,0,,,,,,,6,0,Safety + Security,ENTRANCES
OtherBuildings.DignityHealthArena.L01.ENT24,ENTRANCE,ENT24,"ENTRANCE, L01",OtherBuildings.DignityHealthArena.L01,,0,,none,0.00000000000,0.00000000000,0,,,,,,,6,0,Safety + Security,ENTRANCES
OtherBuildings.DignityHealthArena.L01.ENT25,ENTRANCE,ENT25,"ENTRANCE, L01",OtherBuildings.DignityHealthArena.L01,,0,,none,0.00000000000,0.00000000000,0,,,,,,,6,0,Safety + Security,ENTRANCES
OtherBuildings.DignityHealthArena.L01.ENT26,ENTRANCE,ENT26,"ENTRANCE, L01",OtherBuildings.DignityHealthArena.L01,,0,,none,0.00000000000,0.00000000000,0,,,,,,,6,0,Safety + Security,ENTRANCES
OtherBuildings.DignityHealthArena.L01.ENT27,ENTRANCE,ENT27,"ENTRANCE, L01",OtherBuildings.DignityHealthArena.L01,,0,,none,0.00000000000,0.00000000000,0,,,,,,,6,0,Safety + Security,ENTRANCES
OtherBuildings.DignityHealthArena.L01.ENT28,ENTRANCE,ENT28,"ENTRANCE, L01",OtherBuildings.DignityHealthArena.L01,,0,,none,0.00000000000,0.00000000000,0,,,,,,,6,0,Safety + Security,ENTRANCES
OtherBuildings.DignityHealthArena.L01.ENT29,ENTRANCE,ENT29,"ENTRANCE, L01",OtherBuildings.DignityHealthArena.L01,,0,,none,0.00000000000,0.00000000000,0,,,,,,,6,0,Safety + Security,ENTRANCES
OtherBuildings.DignityHealthArena.L01.ENT30,ENTRANCE,ENT30,"ENTRANCE, L01",OtherBuildings.DignityHealthArena.L01,,0,,none,0.00000000000,0.00000000000,0,,,,,,,6,0,Safety + Security,ENTRANCES
OtherBuildings.DignityHealthArena.L01.ENT31,ENTRANCE,ENT31,"ENTRANCE, L01",OtherBuildings.DignityHealthArena.L01,,0,,none,0.00000000000,0.00000000000,0,,,,,,,6,0,Safety + Security,ENTRANCES
OtherBuildings.DignityHealthArena.L01.ENT32,ENTRANCE,ENT32,"ENTRANCE, L01",OtherBuildings.DignityHealthArena.L01,,0,,none,0.00000000000,0.00000000000,0,,,,,,,6,0,Safety + Security,ENTRANCES
OtherBuildings.DignityHealthArena.L01.ENT33,ENTRANCE,ENT33,"ENTRANCE, L01",OtherBuildings.DignityHealthArena.L01,,0,,none,0.00000000000,0.00000000000,0,,,,,,,6,0,Safety + Security,ENTRANCES
OtherBuildings.DignityHealthArena.L01.ENT34,ENTRANCE,ENT34,"ENTRANCE, L01",OtherBuildings.DignityHealthArena.L01,,0,,none,0.00000000000,0.00000000000,0,,,,,,,6,0,Safety + Security,ENTRANCES
OtherBuildings.DignityHealthArena.L01.ENT35,ENTRANCE,ENT35,"ENTRANCE, L01",OtherBuildings.DignityHealthArena.L01,,0,,none,0.00000000000,0.00000000000,0,,,,,,,6,0,Safety + Security,ENTRANCES
OtherBuildings.DignityHealthArena.L01.ENT36,ENTRANCE,ENT36,"ENTRANCE, L01",OtherBuildings.DignityHealthArena.L01,,0,,none,0.00000000000,0.00000000000,0,,,,,,,6,0,Safety + Security,ENTRANCES
OtherBuildings.DignityHealthArena.L01.ENT37,ENTRANCE,ENT37,"ENTRANCE, L01",OtherBuildings.DignityHealthArena.L01,,0,,none,0.00000000000,0.00000000000,0,,,,,,,6,0,Safety + Security,ENTRANCES
OtherBuildings.DignityHealthArena.L01.ENT38,ENTRANCE,ENT38,"ENTRANCE, L01",OtherBuildings.DignityHealthArena.L01,,0,,none,0.00000000000,0.00000000000,0,,,,,,,6,0,Safety + Security,ENTRANCES
OtherBuildings.DignityHealthArena.L01.ENT39,ENTRANCE,ENT39,"ENTRANCE, L01",OtherBuildings.DignityHealthArena.L01,,0,,none,0.00000000000,0.00000000000,0,,,,,,,6,0,Safety + Security,ENTRANCES
OtherBuildings.DignityHealthArena.L01.ENT40,ENTRANCE,ENT40,"ENTRANCE, L01",OtherBuildings.DignityHealthArena.L01,,0,,none,0.00000000000,0.00000000000,0,,,,,,,6,0,Safety + Security,ENTRANCES
OtherBuildings.DignityHealthArena.L01.ENT41,ENTRANCE,ENT41,"ENTRANCE, L01",OtherBuildings.DignityHealthArena.L01,,0,,none,0.00000000000,0.00000000000,0,,,,,,,6,0,Safety + Security,ENTRANCES
OtherBuildings.DignityHealthArena.L01.ENT42,ENTRANCE,ENT42,"ENTRANCE, L01",OtherBuildings.DignityHealthArena.L01,,0,,none,0.00000000000,0.00000000000,0,,,,,,,6,0,Safety + Security,ENTRANCES
OtherBuildings.DignityHealthArena.L0.EXT9,EXIT,EXT9,"EXIT, L0",OtherBuildings.DignityHealthArena.L0,,0,,none,0.00000000000,0.00000000000,0,,,,10/1/2025,TARAMAYNARD,,6,0,Safety + Security,EXITS
OtherBuildings.DignityHealthArena.L0.EXT10,EXIT,EXT10,"EXIT, L0",OtherBuildings.DignityHealthArena.L0,,0,,none,0.00000000000,0.00000000000,0,,,,10/1/2025,TARAMAYNARD,,6,0,Safety + Security,EXITS
OtherBuildings.DignityHealthArena.L02.2-SA14,STAIR,2-SA14,"STAIR, L02",OtherBuildings.DignityHealthArena.L02,,0,,none,43.42669993950,32.00000000000,0,,,ABHINOVDUTTA,10/1/2025,ABHINOVDUTTA,10/1/2025,2,1590,Places + Things,STAIRS
OtherBuildings.ParkingLot.L01.P-101,PARKING,P-101,"PARKING, L0",OtherBuildings.ParkingLot.L01,,0,,none,0.00000000000,0.00000000000,0,,,,,,,6,0,Places + Things,PARKING
OtherBuildings.ParkingLot.L01.P-102,PARKING,P-102,"PARKING, L0",OtherBuildings.ParkingLot.L01,,0,,none,0.00000000000,0.00000000000,0,,,,,,,6,0,Places + Things,PARKING
OtherBuildings.ParkingLot.L01.P-103,PARKING,P-103,"PARKING, L0",OtherBuildings.ParkingLot.L01,,0,,none,0.00000000000,0.00000000000,0,,,,,,,6,0,Places + Things,PARKING
OtherBuildings.ParkingLot.L01.P-104,PARKING,P-104,"PARKING, L0",OtherBuildings.ParkingLot.L01,,0,,none,0.00000000000,0.00000000000,0,,,,,,,6,0,Places + Things,PARKING
OtherBuildings.ParkingLot.L01.P-105,PARKING,P-105,"PARKING, L0",OtherBuildings.ParkingLot.L01,,0,,none,0.00000000000,0.00000000000,0,,,,,,,6,0,Places + Things,PARKING
OtherBuildings.ParkingLot.L01.P-106,PARKING,P-106,"PARKING, L0",OtherBuildings.ParkingLot.L01,,0,,none,0.00000000000,0.00000000000,0,,,,,,,6,0,Places + Things,PARKING
OtherBuildings.ParkingLot.L01.P-107,PARKING,P-107,"PARKING, L0",OtherBuildings.ParkingLot.L01,,0,,none,0.00000000000,0.00000000000,0,,,,,,,6,0,Places + Things,PARKING
OtherBuildings.ParkingLot.L01.P-108,PARKING,P-108,"PARKING, L0",OtherBuildings.ParkingLot.L01,,0,,none,0.00000000000,0.00000000000,0,,,,,,,6,0,Places + Things,PARKING
OtherBuildings.ParkingLot.L01.P-109,PARKING,P-109,"PARKING, L0",OtherBuildings.ParkingLot.L01,,0,,none,0.00000000000,0.00000000000,0,,,,,,,6,0,Places + Things,PARKING
OtherBuildings.ParkingLot.L01.P-110,PARKING,P-110,"PARKING, L0",OtherBuildings.ParkingLot.L01,,0,,none,0.00000000000,0.00000000000,0,,,,,,,6,0,Places + Things,PARKING
OtherBuildings.ParkingLot.L01.P-111,PARKING,P-111,"PARKING, L0",OtherBuildings.ParkingLot.L01,,0,,none,0.00000000000,0.00000000000,0,,,,,,,6,0,Places + Things,PARKING
OtherBuildings.ParkingLot.L01.P-112,PARKING,P-112,"PARKING, L0",OtherBuildings.ParkingLot.L01,,0,,none,0.00000000000,0.00000000000,0,,,,,,,6,0,Places + Things,PARKING
OtherBuildings.ParkingLot.L01.P-113,PARKING,P-113,"PARKING, L0",OtherBuildings.ParkingLot.L01,,0,,none,0.00000000000,0.00000000000,0,,,,,,,6,0,Places + Things,PARKING
OtherBuildings.ParkingLot.L01.P-114,PARKING,P-114,"PARKING, L0",OtherBuildings.ParkingLot.L01,,0,,none,0.00000000000,0.00000000000,0,,,,,,,6,0,Places + Things,PARKING
OtherBuildings.ParkingLot.L01.P-115,PARKING,P-115,"PARKING, L0",OtherBuildings.ParkingLot.L01,,0,,none,0.00000000000,0.00000000000,0,,,,,,,6,0,Places + Things,PARKING
OtherBuildings.ParkingLot.L01.P-116,PARKING,P-116,"PARKING, L0",OtherBuildings.ParkingLot.L01,,0,,none,0.00000000000,0.00000000000,0,,,,,,,6,0,Places + Things,PARKING
OtherBuildings.ParkingLot.L01.P-117,PARKING,P-117,"PARKING, L0",OtherBuildings.ParkingLot.L01,,0,,none,0.00000000000,0.00000000000,0,,,,,,,6,0,Places + Things,PARKING
OtherBuildings.ParkingLot.L01.P-118,PARKING,P-118,"PARKING, L0",OtherBuildings.ParkingLot.L01,,0,,none,0.00000000000,0.00000000000,0,,,,,,,6,0,Places + Things,PARKING
OtherBuildings.ParkingLot.L01.P-119,PARKING,P-119,"PARKING, L0",OtherBuildings.ParkingLot.L01,,0,,none,0.00000000000,0.00000000000,0,,,,,,,6,0,Places + Things,PARKING
OtherBuildings.ParkingLot.L01.P-120,PARKING,P-120,"PARKING, L0",OtherBuildings.ParkingLot.L01,,0,,none,0.00000000000,0.00000000000,0,,,,,,,6,0,Places + Things,PARKING
OtherBuildings.ParkingLot.L01.P-121,PARKING,P-121,"PARKING, L0",OtherBuildings.ParkingLot.L01,,0,,none,0.00000000000,0.00000000000,0,,,,,,,6,0,Places + Things,PARKING
OtherBuildings.ParkingLot.L01.P-122,PARKING,P-122,"PARKING, L0",OtherBuildings.ParkingLot.L01,,0,,none,0.00000000000,0.00000000000,0,,,,,,,6,0,Places + Things,PARKING
OtherBuildings.ParkingLot.L01.P-123,PARKING,P-123,"PARKING, L0",OtherBuildings.ParkingLot.L01,,0,,none,0.00000000000,0.00000000000,0,,,,,,,6,0,Places + Things,PARKING
OtherBuildings.ParkingLot.L01.P-124,PARKING,P-124,"PARKING, L0",OtherBuildings.ParkingLot.L01,,0,,none,0.00000000000,0.00000000000,0,,,,,,,6,0,Places + Things,PARKING
OtherBuildings.ParkingLot.L01.P-125,PARKING,P-125,"PARKING, L0",OtherBuildings.ParkingLot.L01,,0,,none,0.00000000000,0.00000000000,0,,,,,,,6,0,Places + Things,PARKING
OtherBuildings.ParkingLot.L01.P-126,PARKING,P-126,"PARKING, L0",OtherBuildings.ParkingLot.L01,,0,,none,0.00000000000,0.00000000000,0,,,,,,,6,0,Places + Things,PARKING
OtherBuildings.ParkingLot.L01.P-127,PARKING,P-127,"PARKING, L0",OtherBuildings.ParkingLot.L01,,0,,none,0.00000000000,0.00000000000,0,,,,,,,6,0,Places + Things,PARKING
OtherBuildings.ParkingLot.L01.P-128,PARKING,P-128,"PARKING, L0",OtherBuildings.ParkingLot.L01,,0,,none,0.00000000000,0.00000000000,0,,,,,,,6,0,Places + Things,PARKING
OtherBuildings.ParkingLot.L01.P-129,PARKING,P-129,"PARKING, L0",OtherBuildings.ParkingLot.L01,,0,,none,0.00000000000,0.00000000000,0,,,,,,,6,0,Places + Things,PARKING
OtherBuildings.ParkingLot.L01.P-130,PARKING,P-130,"PARKING, L0",OtherBuildings.ParkingLot.L01,,0,,none,0.00000000000,0.00000000000,0,,,,,,,6,0,Places + Things,PARKING
OtherBuildings.ParkingLot.L01.P-131,PARKING,P-131,"PARKING, L0",OtherBuildings.ParkingLot.L01,,0,,none,0.00000000000,0.00000000000,0,,,,,,,6,0,Places + Things,PARKING
OtherBuildings.ParkingLot.L01.P-132,PARKING,P-132,"PARKING, L0",OtherBuildings.ParkingLot.L01,,0,,none,0.00000000000,0.00000000000,0,,,,,,,6,0,Places + Things,PARKING
OtherBuildings.ParkingLot.L01.P-133,PARKING,P-133,"PARKING, L0",OtherBuildings.ParkingLot.L01,,0,,none,0.00000000000,0.00000000000,0,,,,,,,6,0,Places + Things,PARKING
OtherBuildings.ParkingLot.L01.P-134,PARKING,P-134,"PARKING, L0",OtherBuildings.ParkingLot.L01,,0,,none,0.00000000000,0.00000000000,0,,,,,,,6,0,Places + Things,PARKING
OtherBuildings.ParkingLot.L01.P-135,PARKING,P-135,"PARKING, L0",OtherBuildings.ParkingLot.L01,,0,,none,0.00000000000,0.00000000000,0,,,,,,,6,0,Places + Things,PARKING
OtherBuildings.ParkingLot.L01.P-136,PARKING,P-136,"PARKING, L0",OtherBuildings.ParkingLot.L01,,0,,none,0.00000000000,0.00000000000,0,,,,,,,6,0,Places + Things,PARKING
OtherBuildings.ParkingLot.L01.P-137,PARKING,P-137,"PARKING, L0",OtherBuildings.ParkingLot.L01,,0,,none,0.00000000000,0.00000000000,0,,,,,,,6,0,Places + Things,PARKING
OtherBuildings.ParkingLot.L01.P-138,PARKING,P-138,"PARKING, L0",OtherBuildings.ParkingLot.L01,,0,,none,0.00000000000,0.00000000000,0,,,,,,,6,0,Places + Things,PARKING
OtherBuildings.ParkingLot.L01.P-139,PARKING,P-139,"PARKING, L0",OtherBuildings.ParkingLot.L01,,0,,none,0.00000000000,0.00000000000,0,,,,,,,6,0,Places + Things,PARKING
OtherBuildings.ParkingLot.L01.P-140,PARKING,P-140,"PARKING, L0",OtherBuildings.ParkingLot.L01,,0,,none,0.00000000000,0.00000000000,0,,,,,,,6,0,Places + Things,PARKING
OtherBuildings.ParkingLot.L01.P-141,PARKING,P-141,"PARKING, L0",OtherBuildings.ParkingLot.L01,,0,,none,0.00000000000,0.00000000000,0,,,,,,,6,0,Places + Things,PARKING
OtherBuildings.ParkingLot.L01.P-142,PARKING,P-142,"PARKING, L0",OtherBuildings.ParkingLot.L01,,0,,none,0.00000000000,0.00000000000,0,,,,,,,6,0,Places + Things,PARKING
OtherBuildings.ParkingLot.L01.P-143,PARKING,P-143,"PARKING, L0",OtherBuildings.ParkingLot.L01,,0,,none,0.00000000000,0.00000000000,0,,,,,,,6,0,Places + Things,PARKING
OtherBuildings.ParkingLot.L01.P-144,PARKING,P-144,"PARKING, L0",OtherBuildings.ParkingLot.L01,,0,,none,0.00000000000,0.00000000000,0,,,,,,,6,0,Places + Things,PARKING
OtherBuildings.ParkingLot.L01.P-145,PARKING,P-145,"PARKING, L0",OtherBuildings.ParkingLot.L01,,0,,none,0.00000000000,0.00000000000,0,,,,,,,6,0,Places + Things,PARKING
OtherBuildings.ParkingLot.L01.P-146,PARKING,P-146,"PARKING, L0",OtherBuildings.ParkingLot.L01,,0,,none,0.00000000000,0.00000000000,0,,,,,,,6,0,Places + Things,PARKING
OtherBuildings.ParkingLot.L01.P-147,PARKING,P-147,"PARKING, L0",OtherBuildings.ParkingLot.L01,,0,,none,0.00000000000,0.00000000000,0,,,,,,,6,0,Places + Things,PARKING
OtherBuildings.ParkingLot.L01.P-148,PARKING,P-148,"PARKING, L0",OtherBuildings.ParkingLot.L01,,0,,none,0.00000000000,0.00000000000,0,,,,,,,6,0,Places + Things,PARKING
OtherBuildings.ParkingLot.L01.P-149,PARKING,P-149,"PARKING, L0",OtherBuildings.ParkingLot.L01,,0,,none,0.00000000000,0.00000000000,0,,,,,,,6,0,Places + Things,PARKING
OtherBuildings.ParkingLot.L01.P-150,PARKING,P-150,"PARKING, L0",OtherBuildings.ParkingLot.L01,,0,,none,0.00000000000,0.00000000000,0,,,,,,,6,0,Places + Things,PARKING
OtherBuildings.ParkingLot.L01.P-151,PARKING,P-151,"PARKING, L0",OtherBuildings.ParkingLot.L01,,0,,none,0.00000000000,0.00000000000,0,,,,,,,6,0,Places + Things,PARKING
OtherBuildings.ParkingLot.L01.P-152,PARKING,P-152,"PARKING, L0",OtherBuildings.ParkingLot.L01,,0,,none,0.00000000000,0.00000000000,0,,,,,,,6,0,Places + Things,PARKING
OtherBuildings.ParkingLot.L01.P-153,PARKING,P-153,"PARKING, L0",OtherBuildings.ParkingLot.L01,,0,,none,0.00000000000,0.00000000000,0,,,,,,,6,0,Places + Things,PARKING
OtherBuildings.ParkingLot.L01.P-154,PARKING,P-154,"PARKING, L0",OtherBuildings.ParkingLot.L01,,0,,none,0.00000000000,0.00000000000,0,,,,,,,6,0,Places + Things,PARKING
OtherBuildings.ParkingLot.L01.P-155,PARKING,P-155,"PARKING, L0",OtherBuildings.ParkingLot.L01,,0,,none,0.00000000000,0.00000000000,0,,,,,,,6,0,Places + Things,PARKING
OtherBuildings.ParkingLot.L01.P-156,PARKING,P-156,"PARKING, L0",OtherBuildings.ParkingLot.L01,,0,,none,0.00000000000,0.00000000000,0,,,,,,,6,0,Places + Things,PARKING
OtherBuildings.ParkingLot.L01.P-157,PARKING,P-157,"PARKING, L0",OtherBuildings.ParkingLot.L01,,0,,none,0.00000000000,0.00000000000,0,,,,,,,6,0,Places + Things,PARKING
OtherBuildings.ParkingLot.L01.P-158,PARKING,P-158,"PARKING, L0",OtherBuildings.ParkingLot.L01,,0,,none,0.00000000000,0.00000000000,0,,,,,,,6,0,Places + Things,PARKING
OtherBuildings.ParkingLot.L01.P-159,PARKING,P-159,"PARKING, L0",OtherBuildings.ParkingLot.L01,,0,,none,0.00000000000,0.00000000000,0,,,,,,,6,0,Places + Things,PARKING
OtherBuildings.ParkingLot.L01.P-160,PARKING,P-160,"PARKING, L0",OtherBuildings.ParkingLot.L01,,0,,none,0.00000000000,0.00000000000,0,,,,,,,6,0,Places + Things,PARKING
OtherBuildings.ParkingLot.L01.P-161,PARKING,P-161,"PARKING, L0",OtherBuildings.ParkingLot.L01,,0,,none,0.00000000000,0.00000000000,0,,,,,,,6,0,Places + Things,PARKING
OtherBuildings.ParkingLot.L01.P-162,PARKING,P-162,"PARKING, L0",OtherBuildings.ParkingLot.L01,,0,,none,0.00000000000,0.00000000000,0,,,,,,,6,0,Places + Things,PARKING
OtherBuildings.ParkingLot.L01.P-163,PARKING,P-163,"PARKING, L0",OtherBuildings.ParkingLot.L01,,0,,none,0.00000000000,0.00000000000,0,,,,,,,6,0,Places + Things,PARKING
OtherBuildings.ParkingLot.L01.P-164,PARKING,P-164,"PARKING, L0",OtherBuildings.ParkingLot.L01,,0,,none,0.00000000000,0.00000000000,0,,,,,,,6,0,Places + Things,PARKING
OtherBuildings.ParkingLot.L01.P-165,PARKING,P-165,"PARKING, L0",OtherBuildings.ParkingLot.L01,,0,,none,0.00000000000,0.00000000000,0,,,,,,,6,0,Places + Things,PARKING
OtherBuildings.ParkingLot.L01.P-166,PARKING,P-166,"PARKING, L0",OtherBuildings.ParkingLot.L01,,0,,none,0.00000000000,0.00000000000,0,,,,,,,6,0,Places + Things,PARKING
OtherBuildings.ParkingLot.L01.P-167,PARKING,P-167,"PARKING, L0",OtherBuildings.ParkingLot.L01,,0,,none,0.00000000000,0.00000000000,0,,,,,,,6,0,Places + Things,PARKING
OtherBuildings.ParkingLot.L01.P-168,PARKING,P-168,"PARKING, L0",OtherBuildings.ParkingLot.L01,,0,,none,0.00000000000,0.00000000000,0,,,,,,,6,0,Places + Things,PARKING
OtherBuildings.ParkingLot.L01.P-169,PARKING,P-169,"PARKING, L0",OtherBuildings.ParkingLot.L01,,0,,none,0.00000000000,0.00000000000,0,,,,,,,6,0,Places + Things,PARKING
OtherBuildings.ParkingLot.L01.P-170,PARKING,P-170,"PARKING, L0",OtherBuildings.ParkingLot.L01,,0,,none,0.00000000000,0.00000000000,0,,,,,,,6,0,Places + Things,PARKING
OtherBuildings.ParkingLot.L01.P-171,PARKING,P-171,"PARKING, L0",OtherBuildings.ParkingLot.L01,,0,,none,0.00000000000,0.00000000000,0,,,,,,,6,0,Places + Things,PARKING
OtherBuildings.ParkingLot.L01.P-172,PARKING,P-172,"PARKING, L0",OtherBuildings.ParkingLot.L01,,0,,none,0.00000000000,0.00000000000,0,,,,,,,6,0,Places + Things,PARKING
OtherBuildings.ParkingLot.L01.P-173,PARKING,P-173,"PARKING, L0",OtherBuildings.ParkingLot.L01,,0,,none,0.00000000000,0.00000000000,0,,,,,,,6,0,Places + Things,PARKING
OtherBuildings.ParkingLot.L01.P-174,PARKING,P-174,"PARKING, L0",OtherBuildings.ParkingLot.L01,,0,,none,0.00000000000,0.00000000000,0,,,,,,,6,0,Places + Things,PARKING
OtherBuildings.ParkingLot.L01.P-175,PARKING,P-175,"PARKING, L0",OtherBuildings.ParkingLot.L01,,0,,none,0.00000000000,0.00000000000,0,,,,,,,6,0,Places + Things,PARKING
OtherBuildings.ParkingLot.L01.P-176,PARKING,P-176,"PARKING, L0",OtherBuildings.ParkingLot.L01,,0,,none,0.00000000000,0.00000000000,0,,,,,,,6,0,Places + Things,PARKING
OtherBuildings.ParkingLot.L01.P-177,PARKING,P-177,"PARKING, L0",OtherBuildings.ParkingLot.L01,,0,,none,0.00000000000,0.00000000000,0,,,,,,,6,0,Places + Things,PARKING
OtherBuildings.ParkingLot.L01.P-178,PARKING,P-178,"PARKING, L0",OtherBuildings.ParkingLot.L01,,0,,none,0.00000000000,0.00000000000,0,,,,,,,6,0,Places + Things,PARKING
OtherBuildings.ParkingLot.L01.P-179,PARKING,P-179,"PARKING, L0",OtherBuildings.ParkingLot.L01,,0,,none,0.00000000000,0.00000000000,0,,,,,,,6,0,Places + Things,PARKING
OtherBuildings.ParkingLot.L01.P-180,PARKING,P-180,"PARKING, L0",OtherBuildings.ParkingLot.L01,,0,,none,0.00000000000,0.00000000000,0,,,,,,,6,0,Places + Things,PARKING
OtherBuildings.ParkingLot.L01.P-181,PARKING,P-181,"PARKING, L0",OtherBuildings.ParkingLot.L01,,0,,none,0.00000000000,0.00000000000,0,,,,,,,6,0,Places + Things,PARKING
OtherBuildings.ParkingLot.L01.P-182,PARKING,P-182,"PARKING, L0",OtherBuildings.ParkingLot.L01,,0,,none,0.00000000000,0.00000000000,0,,,,,,,6,0,Places + Things,PARKING
OtherBuildings.ParkingLot.L01.P-183,PARKING,P-183,"PARKING, L0",OtherBuildings.ParkingLot.L01,,0,,none,0.00000000000,0.00000000000,0,,,,,,,6,0,Places + Things,PARKING
OtherBuildings.ParkingLot.L01.P-184,PARKING,P-184,"PARKING, L0",OtherBuildings.ParkingLot.L01,,0,,none,0.00000000000,0.00000000000,0,,,,,,,6,0,Places + Things,PARKING
OtherBuildings.ParkingLot.L01.P-185,PARKING,P-185,"PARKING, L0",OtherBuildings.ParkingLot.L01,,0,,none,0.00000000000,0.00000000000,0,,,,,,,6,0,Places + Things,PARKING
OtherBuildings.ParkingLot.L01.P-186,PARKING,P-186,"PARKING, L0",OtherBuildings.ParkingLot.L01,,0,,none,0.00000000000,0.00000000000,0,,,,,,,6,0,Places + Things,PARKING
OtherBuildings.ParkingLot.L01.P-187,PARKING,P-187,"PARKING, L0",OtherBuildings.ParkingLot.L01,,0,,none,0.00000000000,0.00000000000,0,,,,,,,6,0,Places + Things,PARKING
OtherBuildings.ParkingLot.L01.P-188,PARKING,P-188,"PARKING, L0",OtherBuildings.ParkingLot.L01,,0,,none,0.00000000000,0.00000000000,0,,,,,,,6,0,Places + Things,PARKING
OtherBuildings.ParkingLot.L01.P-189,PARKING,P-189,"PARKING, L0",OtherBuildings.ParkingLot.L01,,0,,none,0.00000000000,0.00000000000,0,,,,,,,6,0,Places + Things,PARKING
OtherBuildings.ParkingLot.L01.P-190,PARKING,P-190,"PARKING, L0",OtherBuildings.ParkingLot.L01,,0,,none,0.00000000000,0.00000000000,0,,,,,,,6,0,Places + Things,PARKING
OtherBuildings.ParkingLot.L01.P-191,PARKING,P-191,"PARKING, L0",OtherBuildings.ParkingLot.L01,,0,,none,0.00000000000,0.00000000000,0,,,,,,,6,0,Places + Things,PARKING
OtherBuildings.ParkingLot.L01.P-192,PARKING,P-192,"PARKING, L0",OtherBuildings.ParkingLot.L01,,0,,none,0.00000000000,0.00000000000,0,,,,,,,6,0,Places + Things,PARKING
OtherBuildings.ParkingLot.L01.P-193,PARKING,P-193,"PARKING, L0",OtherBuildings.ParkingLot.L01,,0,,none,0.00000000000,0.00000000000,0,,,,,,,6,0,Places + Things,PARKING
OtherBuildings.ParkingLot.L01.P-194,PARKING,P-194,"PARKING, L0",OtherBuildings.ParkingLot.L01,,0,,none,0.00000000000,0.00000000000,0,,,,,,,6,0,Places + Things,PARKING
OtherBuildings.ParkingLot.L01.P-195,PARKING,P-195,"PARKING, L0",OtherBuildings.ParkingLot.L01,,0,,none,0.00000000000,0.00000000000,0,,,,,,,6,0,Places + Things,PARKING
OtherBuildings.ParkingLot.L01.P-196,PARKING,P-196,"PARKING, L0",OtherBuildings.ParkingLot.L01,,0,,none,0.00000000000,0.00000000000,0,,,,,,,6,0,Places + Things,PARKING
OtherBuildings.ParkingLot.L01.P-197,PARKING,P-197,"PARKING, L0",OtherBuildings.ParkingLot.L01,,0,,none,0.00000000000,0.00000000000,0,,,,,,,6,0,Places + Things,PARKING
OtherBuildings.ParkingLot.L01.P-198,PARKING,P-198,"PARKING, L0",OtherBuildings.ParkingLot.L01,,0,,none,0.00000000000,0.00000000000,0,,,,,,,6,0,Places + Things,PARKING
OtherBuildings.ParkingLot.L01.P-199,PARKING,P-199,"PARKING, L0",OtherBuildings.ParkingLot.L01,,0,,none,0.00000000000,0.00000000000,0,,,,,,,6,0,Places + Things,PARKING
OtherBuildings.ParkingLot.L01.P-200,PARKING,P-200,"PARKING, L0",OtherBuildings.ParkingLot.L01,,0,,none,0.00000000000,0.00000000000,0,,,,,,,6,0,Places + Things,PARKING
OtherBuildings.ParkingLot.L01.P-201,PARKING,P-201,"PARKING, L0",OtherBuildings.ParkingLot.L01,,0,,none,0.00000000000,0.00000000000,0,,,,,,,6,0,Places + Things,PARKING
OtherBuildings.ParkingLot.L01.P-202,PARKING,P-202,"PARKING, L0",OtherBuildings.ParkingLot.L01,,0,,none,0.00000000000,0.00000000000,0,,,,,,,6,0,Places + Things,PARKING
OtherBuildings.ParkingLot.L01.P-203,PARKING,P-203,"PARKING, L0",OtherBuildings.ParkingLot.L01,,0,,none,0.00000000000,0.00000000000,0,,,,,,,6,0,Places + Things,PARKING
OtherBuildings.ParkingLot.L01.P-204,PARKING,P-204,"PARKING, L0",OtherBuildings.ParkingLot.L01,,0,,none,0.00000000000,0.00000000000,0,,,,,,,6,0,Places + Things,PARKING
OtherBuildings.ParkingLot.L01.P-205,PARKING,P-205,"PARKING, L0",OtherBuildings.ParkingLot.L01,,0,,none,0.00000000000,0.00000000000,0,,,,,,,6,0,Places + Things,PARKING
OtherBuildings.ParkingLot.L01.P-206,PARKING,P-206,"PARKING, L0",OtherBuildings.ParkingLot.L01,,0,,none,0.00000000000,0.00000000000,0,,,,,,,6,0,Places + Things,PARKING
OtherBuildings.ParkingLot.L01.P-207,PARKING,P-207,"PARKING, L0",OtherBuildings.ParkingLot.L01,,0,,none,0.00000000000,0.00000000000,0,,,,,,,6,0,Places + Things,PARKING
OtherBuildings.ParkingLot.L01.P-208,PARKING,P-208,"PARKING, L0",OtherBuildings.ParkingLot.L01,,0,,none,0.00000000000,0.00000000000,0,,,,,,,6,0,Places + Things,PARKING
OtherBuildings.ParkingLot.L01.P-209,PARKING,P-209,"PARKING, L0",OtherBuildings.ParkingLot.L01,,0,,none,0.00000000000,0.00000000000,0,,,,,,,6,0,Places + Things,PARKING
OtherBuildings.ParkingLot.L01.P-210,PARKING,P-210,"PARKING, L0",OtherBuildings.ParkingLot.L01,,0,,none,0.00000000000,0.00000000000,0,,,,,,,6,0,Places + Things,PARKING
OtherBuildings.ParkingLot.L01.P-211,PARKING,P-211,"PARKING, L0",OtherBuildings.ParkingLot.L01,,0,,none,0.00000000000,0.00000000000,0,,,,,,,6,0,Places + Things,PARKING
OtherBuildings.ParkingLot.L01.P-212,PARKING,P-212,"PARKING, L0",OtherBuildings.ParkingLot.L01,,0,,none,0.00000000000,0.00000000000,0,,,,,,,6,0,Places + Things,PARKING
OtherBuildings.ParkingLot.L01.P-213,PARKING,P-213,"PARKING, L0",OtherBuildings.ParkingLot.L01,,0,,none,0.00000000000,0.00000000000,0,,,,,,,6,0,Places + Things,PARKING
OtherBuildings.ParkingLot.L01.P-214,PARKING,P-214,"PARKING, L0",OtherBuildings.ParkingLot.L01,,0,,none,0.00000000000,0.00000000000,0,,,,,,,6,0,Places + Things,PARKING
OtherBuildings.ParkingLot.L01.P-215,PARKING,P-215,"PARKING, L0",OtherBuildings.ParkingLot.L01,,0,,none,0.00000000000,0.00000000000,0,,,,,,,6,0,Places + Things,PARKING
OtherBuildings.ParkingLot.L01.P-216,PARKING,P-216,"PARKING, L0",OtherBuildings.ParkingLot.L01,,0,,none,0.00000000000,0.00000000000,0,,,,,,,6,0,Places + Things,PARKING
OtherBuildings.ParkingLot.L01.P-217,PARKING,P-217,"PARKING, L0",OtherBuildings.ParkingLot.L01,,0,,none,0.00000000000,0.00000000000,0,,,,,,,6,0,Places + Things,PARKING
OtherBuildings.ParkingLot.L01.P-218,PARKING,P-218,"PARKING, L0",OtherBuildings.ParkingLot.L01,,0,,none,0.00000000000,0.00000000000,0,,,,,,,6,0,Places + Things,PARKING
OtherBuildings.ParkingLot.L01.P-219,PARKING,P-219,"PARKING, L0",OtherBuildings.ParkingLot.L01,,0,,none,0.00000000000,0.00000000000,0,,,,,,,6,0,Places + Things,PARKING
OtherBuildings.ParkingLot.L01.P-220,PARKING,P-220,"PARKING, L0",OtherBuildings.ParkingLot.L01,,0,,none,0.00000000000,0.00000000000,0,,,,,,,6,0,Places + Things,PARKING
OtherBuildings.ParkingLot.L01.P-221,PARKING,P-221,"PARKING, L0",OtherBuildings.ParkingLot.L01,,0,,none,0.00000000000,0.00000000000,0,,,,,,,6,0,Places + Things,PARKING
OtherBuildings.ParkingLot.L01.P-222,PARKING,P-222,"PARKING, L0",OtherBuildings.ParkingLot.L01,,0,,none,0.00000000000,0.00000000000,0,,,,,,,6,0,Places + Things,PARKING
OtherBuildings.ParkingLot.L01.P-223,PARKING,P-223,"PARKING, L0",OtherBuildings.ParkingLot.L01,,0,,none,0.00000000000,0.00000000000,0,,,,,,,6,0,Places + Things,PARKING
OtherBuildings.ParkingLot.L01.P-224,PARKING,P-224,"PARKING, L0",OtherBuildings.ParkingLot.L01,,0,,none,0.00000000000,0.00000000000,0,,,,,,,6,0,Places + Things,PARKING
OtherBuildings.ParkingLot.L01.P-225,PARKING,P-225,"PARKING, L0",OtherBuildings.ParkingLot.L01,,0,,none,0.00000000000,0.00000000000,0,,,,,,,6,0,Places + Things,PARKING
OtherBuildings.ParkingLot.L01.P-226,PARKING,P-226,"PARKING, L0",OtherBuildings.ParkingLot.L01,,0,,none,0.00000000000,0.00000000000,0,,,,,,,6,0,Places + Things,PARKING
OtherBuildings.ParkingLot.L01.P-227,PARKING,P-227,"PARKING, L0",OtherBuildings.ParkingLot.L01,,0,,none,0.00000000000,0.00000000000,0,,,,,,,6,0,Places + Things,PARKING
OtherBuildings.ParkingLot.L01.P-228,PARKING,P-228,"PARKING, L0",OtherBuildings.ParkingLot.L01,,0,,none,0.00000000000,0.00000000000,0,,,,,,,6,0,Places + Things,PARKING
OtherBuildings.ParkingLot.L01.P-229,PARKING,P-229,"PARKING, L0",OtherBuildings.ParkingLot.L01,,0,,none,0.00000000000,0.00000000000,0,,,,,,,6,0,Places + Things,PARKING
OtherBuildings.ParkingLot.L01.P-230,PARKING,P-230,"PARKING, L0",OtherBuildings.ParkingLot.L01,,0,,none,0.00000000000,0.00000000000,0,,,,,,,6,0,Places + Things,PARKING
OtherBuildings.ParkingLot.L01.P-231,PARKING,P-231,"PARKING, L0",OtherBuildings.ParkingLot.L01,,0,,none,0.00000000000,0.00000000000,0,,,,,,,6,0,Places + Things,PARKING
OtherBuildings.ParkingLot.L01.P-232,PARKING,P-232,"PARKING, L0",OtherBuildings.ParkingLot.L01,,0,,none,0.00000000000,0.00000000000,0,,,,,,,6,0,Places + Things,PARKING
OtherBuildings.ParkingLot.L01.P-233,PARKING,P-233,"PARKING, L0",OtherBuildings.ParkingLot.L01,,0,,none,0.00000000000,0.00000000000,0,,,,,,,6,0,Places + Things,PARKING
OtherBuildings.ParkingLot.L01.P-234,PARKING,P-234,"PARKING, L0",OtherBuildings.ParkingLot.L01,,0,,none,0.00000000000,0.00000000000,0,,,,,,,6,0,Places + Things,PARKING
OtherBuildings.ParkingLot.L01.P-235,PARKING,P-235,"PARKING, L0",OtherBuildings.ParkingLot.L01,,0,,none,0.00000000000,0.00000000000,0,,,,,,,6,0,Places + Things,PARKING
OtherBuildings.ParkingLot.L01.P-236,PARKING,P-236,"PARKING, L0",OtherBuildings.ParkingLot.L01,,0,,none,0.00000000000,0.00000000000,0,,,,,,,6,0,Places + Things,PARKING
OtherBuildings.ParkingLot.L01.P-237,PARKING,P-237,"PARKING, L0",OtherBuildings.ParkingLot.L01,,0,,none,0.00000000000,0.00000000000,0,,,,,,,6,0,Places + Things,PARKING
OtherBuildings.ParkingLot.L01.P-238,PARKING,P-238,"PARKING, L0",OtherBuildings.ParkingLot.L01,,0,,none,0.00000000000,0.00000000000,0,,,,,,,6,0,Places + Things,PARKING
OtherBuildings.ParkingLot.L01.P-239,PARKING,P-239,"PARKING, L0",OtherBuildings.ParkingLot.L01,,0,,none,0.00000000000,0.00000000000,0,,,,,,,6,0,Places + Things,PARKING
OtherBuildings.ParkingLot.L01.P-240,PARKING,P-240,"PARKING, L0",OtherBuildings.ParkingLot.L01,,0,,none,0.00000000000,0.00000000000,0,,,,,,,6,0,Places + Things,PARKING
OtherBuildings.ParkingLot.L01.P-241,PARKING,P-241,"PARKING, L0",OtherBuildings.ParkingLot.L01,,0,,none,0.00000000000,0.00000000000,0,,,,,,,6,0,Places + Things,PARKING
OtherBuildings.ParkingLot.L01.P-242,PARKING,P-242,"PARKING, L0",OtherBuildings.ParkingLot.L01,,0,,none,0.00000000000,0.00000000000,0,,,,,,,6,0,Places + Things,PARKING
OtherBuildings.ParkingLot.L01.P-243,PARKING,P-243,"PARKING, L0",OtherBuildings.ParkingLot.L01,,0,,none,0.00000000000,0.00000000000,0,,,,,,,6,0,Places + Things,PARKING
OtherBuildings.ParkingLot.L01.P-244,PARKING,P-244,"PARKING, L0",OtherBuildings.ParkingLot.L01,,0,,none,0.00000000000,0.00000000000,0,,,,,,,6,0,Places + Things,PARKING
OtherBuildings.ParkingLot.L01.P-245,PARKING,P-245,"PARKING, L0",OtherBuildings.ParkingLot.L01,,0,,none,0.00000000000,0.00000000000,0,,,,,,,6,0,Places + Things,PARKING
OtherBuildings.ParkingLot.L01.P-246,PARKING,P-246,"PARKING, L0",OtherBuildings.ParkingLot.L01,,0,,none,0.00000000000,0.00000000000,0,,,,,,,6,0,Places + Things,PARKING
OtherBuildings.ParkingLot.L01.P-247,PARKING,P-247,"PARKING, L0",OtherBuildings.ParkingLot.L01,,0,,none,0.00000000000,0.00000000000,0,,,,,,,6,0,Places + Things,PARKING
OtherBuildings.ParkingLot.L01.P-248,PARKING,P-248,"PARKING, L0",OtherBuildings.ParkingLot.L01,,0,,none,0.00000000000,0.00000000000,0,,,,,,,6,0,Places + Things,PARKING
OtherBuildings.ParkingLot.L01.P-249,PARKING,P-249,"PARKING, L0",OtherBuildings.ParkingLot.L01,,0,,none,0.00000000000,0.00000000000,0,,,,,,,6,0,Places + Things,PARKING
OtherBuildings.ParkingLot.L01.P-250,PARKING,P-250,"PARKING, L0",OtherBuildings.ParkingLot.L01,,0,,none,0.00000000000,0.00000000000,0,,,,,,,6,0,Places + Things,PARKING
OtherBuildings.ParkingLot.L01.P-251,PARKING,P-251,"PARKING, L0",OtherBuildings.ParkingLot.L01,,0,,none,0.00000000000,0.00000000000,0,,,,,,,6,0,Places + Things,PARKING
OtherBuildings.ParkingLot.L01.P-252,PARKING,P-252,"PARKING, L0",OtherBuildings.ParkingLot.L01,,0,,none,0.00000000000,0.00000000000,0,,,,,,,6,0,Places + Things,PARKING
OtherBuildings.ParkingLot.L01.P-253,PARKING,P-253,"PARKING, L0",OtherBuildings.ParkingLot.L01,,0,,none,0.00000000000,0.00000000000,0,,,,,,,6,0,Places + Things,PARKING
OtherBuildings.ParkingLot.L01.P-254,PARKING,P-254,"PARKING, L0",OtherBuildings.ParkingLot.L01,,0,,none,0.00000000000,0.00000000000,0,,,,,,,6,0,Places + Things,PARKING
OtherBuildings.ParkingLot.L01.P-255,PARKING,P-255,"PARKING, L0",OtherBuildings.ParkingLot.L01,,0,,none,0.00000000000,0.00000000000,0,,,,,,,6,0,Places + Things,PARKING
OtherBuildings.ParkingLot.L01.P-256,PARKING,P-256,"PARKING, L0",OtherBuildings.ParkingLot.L01,,0,,none,0.00000000000,0.00000000000,0,,,,,,,6,0,Places + Things,PARKING
OtherBuildings.ParkingLot.L01.P-257,PARKING,P-257,"PARKING, L0",OtherBuildings.ParkingLot.L01,,0,,none,0.00000000000,0.00000000000,0,,,,,,,6,0,Places + Things,PARKING
OtherBuildings.ParkingLot.L01.P-258,PARKING,P-258,"PARKING, L0",OtherBuildings.ParkingLot.L01,,0,,none,0.00000000000,0.00000000000,0,,,,,,,6,0,Places + Things,PARKING
OtherBuildings.ParkingLot.L01.P-259,PARKING,P-259,"PARKING, L0",OtherBuildings.ParkingLot.L01,,0,,none,0.00000000000,0.00000000000,0,,,,,,,6,0,Places + Things,PARKING
OtherBuildings.ParkingLot.L01.P-260,PARKING,P-260,"PARKING, L0",OtherBuildings.ParkingLot.L01,,0,,none,0.00000000000,0.00000000000,0,,,,,,,6,0,Places + Things,PARKING
OtherBuildings.ParkingLot.L01.P-261,PARKING,P-261,"PARKING, L0",OtherBuildings.ParkingLot.L01,,0,,none,0.00000000000,0.00000000000,0,,,,,,,6,0,Places + Things,PARKING
OtherBuildings.ParkingLot.L01.P-262,PARKING,P-262,"PARKING, L0",OtherBuildings.ParkingLot.L01,,0,,none,0.00000000000,0.00000000000,0,,,,,,,6,0,Places + Things,PARKING
OtherBuildings.ParkingLot.L01.P-263,PARKING,P-263,"PARKING, L0",OtherBuildings.ParkingLot.L01,,0,,none,0.00000000000,0.00000000000,0,,,,,,,6,0,Places + Things,PARKING
OtherBuildings.ParkingLot.L01.P-264,PARKING,P-264,"PARKING, L0",OtherBuildings.ParkingLot.L01,,0,,none,0.00000000000,0.00000000000,0,,,,,,,6,0,Places + Things,PARKING
OtherBuildings.ParkingLot.L01.P-265,PARKING,P-265,"PARKING, L0",OtherBuildings.ParkingLot.L01,,0,,none,0.00000000000,0.00000000000,0,,,,,,,6,0,Places + Things,PARKING
OtherBuildings.ParkingLot.L01.P-266,PARKING,P-266,"PARKING, L0",OtherBuildings.ParkingLot.L01,,0,,none,0.00000000000,0.00000000000,0,,,,,,,6,0,Places + Things,PARKING
OtherBuildings.ParkingLot.L01.P-267,PARKING,P-267,"PARKING, L0",OtherBuildings.ParkingLot.L01,,0,,none,0.00000000000,0.00000000000,0,,,,,,,6,0,Places + Things,PARKING
OtherBuildings.ParkingLot.L01.P-268,PARKING,P-268,"PARKING, L0",OtherBuildings.ParkingLot.L01,,0,,none,0.00000000000,0.00000000000,0,,,,,,,6,0,Places + Things,PARKING
OtherBuildings.ParkingLot.L01.P-269,PARKING,P-269,"PARKING, L0",OtherBuildings.ParkingLot.L01,,0,,none,0.00000000000,0.00000000000,0,,,,,,,6,0,Places + Things,PARKING
OtherBuildings.ParkingLot.L01.P-270,PARKING,P-270,"PARKING, L0",OtherBuildings.ParkingLot.L01,,0,,none,0.00000000000,0.00000000000,0,,,,,,,6,0,Places + Things,PARKING
OtherBuildings.ParkingLot.L01.P-271,PARKING,P-271,"PARKING, L0",OtherBuildings.ParkingLot.L01,,0,,none,0.00000000000,0.00000000000,0,,,,,,,6,0,Places + Things,PARKING
OtherBuildings.ParkingLot.L01.P-272,PARKING,P-272,"PARKING, L0",OtherBuildings.ParkingLot.L01,,0,,none,0.00000000000,0.00000000000,0,,,,,,,6,0,Places + Things,PARKING
OtherBuildings.ParkingLot.L01.P-273,PARKING,P-273,"PARKING, L0",OtherBuildings.ParkingLot.L01,,0,,none,0.00000000000,0.00000000000,0,,,,,,,6,0,Places + Things,PARKING
OtherBuildings.ParkingLot.L01.P-274,PARKING,P-274,"PARKING, L0",OtherBuildings.ParkingLot.L01,,0,,none,0.00000000000,0.00000000000,0,,,,,,,6,0,Places + Things,PARKING
OtherBuildings.ParkingLot.L01.P-275,PARKING,P-275,"PARKING, L0",OtherBuildings.ParkingLot.L01,,0,,none,0.00000000000,0.00000000000,0,,,,,,,6,0,Places + Things,PARKING
OtherBuildings.ParkingLot.L01.P-276,PARKING,P-276,"PARKING, L0",OtherBuildings.ParkingLot.L01,,0,,none,0.00000000000,0.00000000000,0,,,,,,,6,0,Places + Things,PARKING
OtherBuildings.ParkingLot.L01.P-277,PARKING,P-277,"PARKING, L0",OtherBuildings.ParkingLot.L01,,0,,none,0.00000000000,0.00000000000,0,,,,,,,6,0,Places + Things,PARKING
OtherBuildings.ParkingLot.L01.P-278,PARKING,P-278,"PARKING, L0",OtherBuildings.ParkingLot.L01,,0,,none,0.00000000000,0.00000000000,0,,,,,,,6,0,Places + Things,PARKING
OtherBuildings.ParkingLot.L01.P-279,PARKING,P-279,"PARKING, L0",OtherBuildings.ParkingLot.L01,,0,,none,0.00000000000,0.00000000000,0,,,,,,,6,0,Places + Things,PARKING
OtherBuildings.ParkingLot.L01.P-280,PARKING,P-280,"PARKING, L0",OtherBuildings.ParkingLot.L01,,0,,none,0.00000000000,0.00000000000,0,,,,,,,6,0,Places + Things,PARKING
OtherBuildings.ParkingLot.L01.P-281,PARKING,P-281,"PARKING, L0",OtherBuildings.ParkingLot.L01,,0,,none,0.00000000000,0.00000000000,0,,,,,,,6,0,Places + Things,PARKING
OtherBuildings.ParkingLot.L01.P-282,PARKING,P-282,"PARKING, L0",OtherBuildings.ParkingLot.L01,,0,,none,0.00000000000,0.00000000000,0,,,,,,,6,0,Places + Things,PARKING
OtherBuildings.ParkingLot.L01.P-283,PARKING,P-283,"PARKING, L0",OtherBuildings.ParkingLot.L01,,0,,none,0.00000000000,0.00000000000,0,,,,,,,6,0,Places + Things,PARKING
OtherBuildings.ParkingLot.L01.P-284,PARKING,P-284,"PARKING, L0",OtherBuildings.ParkingLot.L01,,0,,none,0.00000000000,0.00000000000,0,,,,,,,6,0,Places + Things,PARKING
OtherBuildings.ParkingLot.L01.P-285,PARKING,P-285,"PARKING, L0",OtherBuildings.ParkingLot.L01,,0,,none,0.00000000000,0.00000000000,0,,,,,,,6,0,Places + Things,PARKING
OtherBuildings.ParkingLot.L01.P-286,PARKING,P-286,"PARKING, L0",OtherBuildings.ParkingLot.L01,,0,,none,0.00000000000,0.00000000000,0,,,,,,,6,0,Places + Things,PARKING
OtherBuildings.ParkingLot.L01.P-287,PARKING,P-287,"PARKING, L0",OtherBuildings.ParkingLot.L01,,0,,none,0.00000000000,0.00000000000,0,,,,,,,6,0,Places + Things,PARKING
OtherBuildings.ParkingLot.L01.P-288,PARKING,P-288,"PARKING, L0",OtherBuildings.ParkingLot.L01,,0,,none,0.00000000000,0.00000000000,0,,,,,,,6,0,Places + Things,PARKING
OtherBuildings.ParkingLot.L01.P-289,PARKING,P-289,"PARKING, L0",OtherBuildings.ParkingLot.L01,,0,,none,0.00000000000,0.00000000000,0,,,,,,,6,0,Places + Things,PARKING
OtherBuildings.ParkingLot.L01.P-290,PARKING,P-290,"PARKING, L0",OtherBuildings.ParkingLot.L01,,0,,none,0.00000000000,0.00000000000,0,,,,,,,6,0,Places + Things,PARKING
OtherBuildings.ParkingLot.L01.P-291,PARKING,P-291,"PARKING, L0",OtherBuildings.ParkingLot.L01,,0,,none,0.00000000000,0.00000000000,0,,,,,,,6,0,Places + Things,PARKING
OtherBuildings.ParkingLot.L01.P-292,PARKING,P-292,"PARKING, L0",OtherBuildings.ParkingLot.L01,,0,,none,0.00000000000,0.00000000000,0,,,,,,,6,0,Places + Things,PARKING
OtherBuildings.ParkingLot.L01.P-293,PARKING,P-293,"PARKING, L0",OtherBuildings.ParkingLot.L01,,0,,none,0.00000000000,0.00000000000,0,,,,,,,6,0,Places + Things,PARKING
OtherBuildings.ParkingLot.L01.P-294,PARKING,P-294,"PARKING, L0",OtherBuildings.ParkingLot.L01,,0,,none,0.00000000000,0.00000000000,0,,,,,,,6,0,Places + Things,PARKING
OtherBuildings.ParkingLot.L01.P-295,PARKING,P-295,"PARKING, L0",OtherBuildings.ParkingLot.L01,,0,,none,0.00000000000,0.00000000000,0,,,,,,,6,0,Places + Things,PARKING
OtherBuildings.ParkingLot.L01.P-296,PARKING,P-296,"PARKING, L0",OtherBuildings.ParkingLot.L01,,0,,none,0.00000000000,0.00000000000,0,,,,,,,6,0,Places + Things,PARKING
OtherBuildings.ParkingLot.L01.P-297,PARKING,P-297,"PARKING, L0",OtherBuildings.ParkingLot.L01,,0,,none,0.00000000000,0.00000000000,0,,,,,,,6,0,Places + Things,PARKING
OtherBuildings.ParkingLot.L01.P-298,PARKING,P-298,"PARKING, L0",OtherBuildings.ParkingLot.L01,,0,,none,0.00000000000,0.00000000000,0,,,,,,,6,0,Places + Things,PARKING
OtherBuildings.ParkingLot.L01.P-299,PARKING,P-299,"PARKING, L0",OtherBuildings.ParkingLot.L01,,0,,none,0.00000000000,0.00000000000,0,,,,,,,6,0,Places + Things,PARKING
OtherBuildings.ParkingLot.L01.P-300,PARKING,P-300,"PARKING, L0",OtherBuildings.ParkingLot.L01,,0,,none,0.00000000000,0.00000000000,0,,,,,,,6,0,Places + Things,PARKING
OtherBuildings.ParkingLot.L01.P-301,PARKING,P-301,"PARKING, L0",OtherBuildings.ParkingLot.L01,,0,,none,0.00000000000,0.00000000000,0,,,,,,,6,0,Places + Things,PARKING
OtherBuildings.ParkingLot.L01.P-302,PARKING,P-302,"PARKING, L0",OtherBuildings.ParkingLot.L01,,0,,none,0.00000000000,0.00000000000,0,,,,,,,6,0,Places + Things,PARKING
OtherBuildings.ParkingLot.L01.P-303,PARKING,P-303,"PARKING, L0",OtherBuildings.ParkingLot.L01,,0,,none,0.00000000000,0.00000000000,0,,,,,,,6,0,Places + Things,PARKING
OtherBuildings.ParkingLot.L01.P-304,PARKING,P-304,"PARKING, L0",OtherBuildings.ParkingLot.L01,,0,,none,0.00000000000,0.00000000000,0,,,,,,,6,0,Places + Things,PARKING
OtherBuildings.ParkingLot.L01.P-305,PARKING,P-305,"PARKING, L0",OtherBuildings.ParkingLot.L01,,0,,none,0.00000000000,0.00000000000,0,,,,,,,6,0,Places + Things,PARKING
OtherBuildings.ParkingLot.L01.P-306,PARKING,P-306,"PARKING, L0",OtherBuildings.ParkingLot.L01,,0,,none,0.00000000000,0.00000000000,0,,,,,,,6,0,Places + Things,PARKING
OtherBuildings.ParkingLot.L01.P-307,PARKING,P-307,"PARKING, L0",OtherBuildings.ParkingLot.L01,,0,,none,0.00000000000,0.00000000000,0,,,,,,,6,0,Places + Things,PARKING
OtherBuildings.ParkingLot.L01.P-308,PARKING,P-308,"PARKING, L0",OtherBuildings.ParkingLot.L01,,0,,none,0.00000000000,0.00000000000,0,,,,,,,6,0,Places + Things,PARKING
OtherBuildings.ParkingLot.L01.P-309,PARKING,P-309,"PARKING, L0",OtherBuildings.ParkingLot.L01,,0,,none,0.00000000000,0.00000000000,0,,,,,,,6,0,Places + Things,PARKING
OtherBuildings.ParkingLot.L01.P-310,PARKING,P-310,"PARKING, L0",OtherBuildings.ParkingLot.L01,,0,,none,0.00000000000,0.00000000000,0,,,,,,,6,0,Places + Things,PARKING
OtherBuildings.ParkingLot.L01.P-311,PARKING,P-311,"PARKING, L0",OtherBuildings.ParkingLot.L01,,0,,none,0.00000000000,0.00000000000,0,,,,,,,6,0,Places + Things,PARKING
OtherBuildings.ParkingLot.L01.P-312,PARKING,P-312,"PARKING, L0",OtherBuildings.ParkingLot.L01,,0,,none,0.00000000000,0.00000000000,0,,,,,,,6,0,Places + Things,PARKING
OtherBuildings.ParkingLot.L01.P-313,PARKING,P-313,"PARKING, L0",OtherBuildings.ParkingLot.L01,,0,,none,0.00000000000,0.00000000000,0,,,,,,,6,0,Places + Things,PARKING
OtherBuildings.ParkingLot.L01.P-314,PARKING,P-314,"PARKING, L0",OtherBuildings.ParkingLot.L01,,0,,none,0.00000000000,0.00000000000,0,,,,,,,6,0,Places + Things,PARKING
OtherBuildings.ParkingLot.L01.P-315,PARKING,P-315,"PARKING, L0",OtherBuildings.ParkingLot.L01,,0,,none,0.00000000000,0.00000000000,0,,,,,,,6,0,Places + Things,PARKING
OtherBuildings.ParkingLot.L01.P-316,PARKING,P-316,"PARKING, L0",OtherBuildings.ParkingLot.L01,,0,,none,0.00000000000,0.00000000000,0,,,,,,,6,0,Places + Things,PARKING
OtherBuildings.ParkingLot.L01.P-317,PARKING,P-317,"PARKING, L0",OtherBuildings.ParkingLot.L01,,0,,none,0.00000000000,0.00000000000,0,,,,,,,6,0,Places + Things,PARKING
OtherBuildings.ParkingLot.L01.P-318,PARKING,P-318,"PARKING, L0",OtherBuildings.ParkingLot.L01,,0,,none,0.00000000000,0.00000000000,0,,,,,,,6,0,Places + Things,PARKING
OtherBuildings.ParkingLot.L01.P-319,PARKING,P-319,"PARKING, L0",OtherBuildings.ParkingLot.L01,,0,,none,0.00000000000,0.00000000000,0,,,,,,,6,0,Places + Things,PARKING
OtherBuildings.ParkingLot.L01.P-320,PARKING,P-320,"PARKING, L0",OtherBuildings.ParkingLot.L01,,0,,none,0.00000000000,0.00000000000,0,,,,,,,6,0,Places + Things,PARKING
OtherBuildings.ParkingLot.L01.P-321,PARKING,P-321,"PARKING, L0",OtherBuildings.ParkingLot.L01,,0,,none,0.00000000000,0.00000000000,0,,,,,,,6,0,Places + Things,PARKING
OtherBuildings.ParkingLot.L01.P-322,PARKING,P-322,"PARKING, L0",OtherBuildings.ParkingLot.L01,,0,,none,0.00000000000,0.00000000000,0,,,,,,,6,0,Places + Things,PARKING
OtherBuildings.ParkingLot.L01.P-323,PARKING,P-323,"PARKING, L0",OtherBuildings.ParkingLot.L01,,0,,none,0.00000000000,0.00000000000,0,,,,,,,6,0,Places + Things,PARKING
OtherBuildings.ParkingLot.L01.P-324,PARKING,P-324,"PARKING, L0",OtherBuildings.ParkingLot.L01,,0,,none,0.00000000000,0.00000000000,0,,,,,,,6,0,Places + Things,PARKING
OtherBuildings.ParkingLot.L01.P-325,PARKING,P-325,"PARKING, L0",OtherBuildings.ParkingLot.L01,,0,,none,0.00000000000,0.00000000000,0,,,,,,,6,0,Places + Things,PARKING
OtherBuildings.ParkingLot.L01.P-326,PARKING,P-326,"PARKING, L0",OtherBuildings.ParkingLot.L01,,0,,none,0.00000000000,0.00000000000,0,,,,,,,6,0,Places + Things,PARKING
OtherBuildings.ParkingLot.L01.P-327,PARKING,P-327,"PARKING, L0",OtherBuildings.ParkingLot.L01,,0,,none,0.00000000000,0.00000000000,0,,,,,,,6,0,Places + Things,PARKING
OtherBuildings.ParkingLot.L01.P-328,PARKING,P-328,"PARKING, L0",OtherBuildings.ParkingLot.L01,,0,,none,0.00000000000,0.00000000000,0,,,,,,,6,0,Places + Things,PARKING
OtherBuildings.ParkingLot.L01.P-329,PARKING,P-329,"PARKING, L0",OtherBuildings.ParkingLot.L01,,0,,none,0.00000000000,0.00000000000,0,,,,,,,6,0,Places + Things,PARKING
OtherBuildings.ParkingLot.L01.P-330,PARKING,P-330,"PARKING, L0",OtherBuildings.ParkingLot.L01,,0,,none,0.00000000000,0.00000000000,0,,,,,,,6,0,Places + Things,PARKING
OtherBuildings.ParkingLot.L01.P-331,PARKING,P-331,"PARKING, L0",OtherBuildings.ParkingLot.L01,,0,,none,0.00000000000,0.00000000000,0,,,,,,,6,0,Places + Things,PARKING
OtherBuildings.ParkingLot.L01.P-332,PARKING,P-332,"PARKING, L0",OtherBuildings.ParkingLot.L01,,0,,none,0.00000000000,0.00000000000,0,,,,,,,6,0,Places + Things,PARKING
OtherBuildings.ParkingLot.L01.P-333,PARKING,P-333,"PARKING, L0",OtherBuildings.ParkingLot.L01,,0,,none,0.00000000000,0.00000000000,0,,,,,,,6,0,Places + Things,PARKING
OtherBuildings.ParkingLot.L01.P-334,PARKING,P-334,"PARKING, L0",OtherBuildings.ParkingLot.L01,,0,,none,0.00000000000,0.00000000000,0,,,,,,,6,0,Places + Things,PARKING
OtherBuildings.ParkingLot.L01.P-335,PARKING,P-335,"PARKING, L0",OtherBuildings.ParkingLot.L01,,0,,none,0.00000000000,0.00000000000,0,,,,,,,6,0,Places + Things,PARKING
OtherBuildings.ParkingLot.L01.P-336,PARKING,P-336,"PARKING, L0",OtherBuildings.ParkingLot.L01,,0,,none,0.00000000000,0.00000000000,0,,,,,,,6,0,Places + Things,PARKING
OtherBuildings.ParkingLot.L01.P-337,PARKING,P-337,"PARKING, L0",OtherBuildings.ParkingLot.L01,,0,,none,0.00000000000,0.00000000000,0,,,,,,,6,0,Places + Things,PARKING
OtherBuildings.ParkingLot.L01.P-338,PARKING,P-338,"PARKING, L0",OtherBuildings.ParkingLot.L01,,0,,none,0.00000000000,0.00000000000,0,,,,,,,6,0,Places + Things,PARKING
OtherBuildings.ParkingLot.L01.P-339,PARKING,P-339,"PARKING, L0",OtherBuildings.ParkingLot.L01,,0,,none,0.00000000000,0.00000000000,0,,,,,,,6,0,Places + Things,PARKING
OtherBuildings.ParkingLot.L01.P-340,PARKING,P-340,"PARKING, L0",OtherBuildings.ParkingLot.L01,,0,,none,0.00000000000,0.00000000000,0,,,,,,,6,0,Places + Things,PARKING
OtherBuildings.ParkingLot.L01.P-341,PARKING,P-341,"PARKING, L0",OtherBuildings.ParkingLot.L01,,0,,none,0.00000000000,0.00000000000,0,,,,,,,6,0,Places + Things,PARKING
OtherBuildings.ParkingLot.L01.P-342,PARKING,P-342,"PARKING, L0",OtherBuildings.ParkingLot.L01,,0,,none,0.00000000000,0.00000000000,0,,,,,,,6,0,Places + Things,PARKING
OtherBuildings.ParkingLot.L01.P-343,PARKING,P-343,"PARKING, L0",OtherBuildings.ParkingLot.L01,,0,,none,0.00000000000,0.00000000000,0,,,,,,,6,0,Places + Things,PARKING
OtherBuildings.ParkingLot.L01.P-344,PARKING,P-344,"PARKING, L0",OtherBuildings.ParkingLot.L01,,0,,none,0.00000000000,0.00000000000,0,,,,,,,6,0,Places + Things,PARKING
OtherBuildings.ParkingLot.L01.P-345,PARKING,P-345,"PARKING, L0",OtherBuildings.ParkingLot.L01,,0,,none,0.00000000000,0.00000000000,0,,,,,,,6,0,Places + Things,PARKING
OtherBuildings.ParkingLot.L01.P-346,PARKING,P-346,"PARKING, L0",OtherBuildings.ParkingLot.L01,,0,,none,0.00000000000,0.00000000000,0,,,,,,,6,0,Places + Things,PARKING
OtherBuildings.ParkingLot.L01.P-347,PARKING,P-347,"PARKING, L0",OtherBuildings.ParkingLot.L01,,0,,none,0.00000000000,0.00000000000,0,,,,,,,6,0,Places + Things,PARKING
OtherBuildings.ParkingLot.L01.P-348,PARKING,P-348,"PARKING, L0",OtherBuildings.ParkingLot.L01,,0,,none,0.00000000000,0.00000000000,0,,,,,,,6,0,Places + Things,PARKING
OtherBuildings.ParkingLot.L01.P-349,PARKING,P-349,"PARKING, L0",OtherBuildings.ParkingLot.L01,,0,,none,0.00000000000,0.00000000000,0,,,,,,,6,0,Places + Things,PARKING
OtherBuildings.ParkingLot.L01.P-350,PARKING,P-350,"PARKING, L0",OtherBuildings.ParkingLot.L01,,0,,none,0.00000000000,0.00000000000,0,,,,,,,6,0,Places + Things,PARKING
OtherBuildings.ParkingLot.L01.P-351,PARKING,P-351,"PARKING, L0",OtherBuildings.ParkingLot.L01,,0,,none,0.00000000000,0.00000000000,0,,,,,,,6,0,Places + Things,PARKING
OtherBuildings.ParkingLot.L01.P-352,PARKING,P-352,"PARKING, L0",OtherBuildings.ParkingLot.L01,,0,,none,0.00000000000,0.00000000000,0,,,,,,,6,0,Places + Things,PARKING
OtherBuildings.ParkingLot.L01.P-353,PARKING,P-353,"PARKING, L0",OtherBuildings.ParkingLot.L01,,0,,none,0.00000000000,0.00000000000,0,,,,,,,6,0,Places + Things,PARKING
OtherBuildings.ParkingLot.L01.P-354,PARKING,P-354,"PARKING, L0",OtherBuildings.ParkingLot.L01,,0,,none,0.00000000000,0.00000000000,0,,,,,,,6,0,Places + Things,PARKING
OtherBuildings.ParkingLot.L01.P-355,PARKING,P-355,"PARKING, L0",OtherBuildings.ParkingLot.L01,,0,,none,0.00000000000,0.00000000000,0,,,,,,,6,0,Places + Things,PARKING
OtherBuildings.ParkingLot.L01.P-356,PARKING,P-356,"PARKING, L0",OtherBuildings.ParkingLot.L01,,0,,none,0.00000000000,0.00000000000,0,,,,,,,6,0,Places + Things,PARKING
OtherBuildings.ParkingLot.L01.P-485,PARKING,P-485,"PARKING, L0",OtherBuildings.ParkingLot.L01,,0,,none,0.00000000000,0.00000000000,0,,,,,,,6,0,Places + Things,PARKING
OtherBuildings.ParkingLot.L01.P-486,PARKING,P-486,"PARKING, L0",OtherBuildings.ParkingLot.L01,,0,,none,0.00000000000,0.00000000000,0,,,,,,,6,0,Places + Things,PARKING
OtherBuildings.ParkingLot.L01.P-487,PARKING,P-487,"PARKING, L0",OtherBuildings.ParkingLot.L01,,0,,none,0.00000000000,0.00000000000,0,,,,,,,6,0,Places + Things,PARKING
OtherBuildings.ParkingLot.L01.P-488,PARKING,P-488,"PARKING, L0",OtherBuildings.ParkingLot.L01,,0,,none,0.00000000000,0.00000000000,0,,,,,,,6,0,Places + Things,PARKING
OtherBuildings.ParkingLot.L01.P-489,PARKING,P-489,"PARKING, L0",OtherBuildings.ParkingLot.L01,,0,,none,0.00000000000,0.00000000000,0,,,,,,,6,0,Places + Things,PARKING
OtherBuildings.ParkingLot.L01.P-490,PARKING,P-490,"PARKING, L0",OtherBuildings.ParkingLot.L01,,0,,none,0.00000000000,0.00000000000,0,,,,,,,6,0,Places + Things,PARKING
OtherBuildings.ParkingLot.L01.P-491,PARKING,P-491,"PARKING, L0",OtherBuildings.ParkingLot.L01,,0,,none,0.00000000000,0.00000000000,0,,,,,,,6,0,Places + Things,PARKING
OtherBuildings.ParkingLot.L01.P-492,PARKING,P-492,"PARKING, L0",OtherBuildings.ParkingLot.L01,,0,,none,0.00000000000,0.00000000000,0,,,,,,,6,0,Places + Things,PARKING
OtherBuildings.ParkingLot.L01.P-493,PARKING,P-493,"PARKING, L0",OtherBuildings.ParkingLot.L01,,0,,none,0.00000000000,0.00000000000,0,,,,,,,6,0,Places + Things,PARKING
OtherBuildings.ParkingLot.L01.P-494,PARKING,P-494,"PARKING, L0",OtherBuildings.ParkingLot.L01,,0,,none,0.00000000000,0.00000000000,0,,,,,,,6,0,Places + Things,PARKING
OtherBuildings.ParkingLot.L01.P-495,PARKING,P-495,"PARKING, L0",OtherBuildings.ParkingLot.L01,,0,,none,0.00000000000,0.00000000000,0,,,,,,,6,0,Places + Things,PARKING
OtherBuildings.ParkingLot.L01.P-496,PARKING,P-496,"PARKING, L0",OtherBuildings.ParkingLot.L01,,0,,none,0.00000000000,0.00000000000,0,,,,,,,6,0,Places + Things,PARKING
OtherBuildings.ParkingLot.L01.P-497,PARKING,P-497,"PARKING, L0",OtherBuildings.ParkingLot.L01,,0,,none,0.00000000000,0.00000000000,0,,,,,,,6,0,Places + Things,PARKING
OtherBuildings.ParkingLot.L01.P-498,PARKING,P-498,"PARKING, L0",OtherBuildings.ParkingLot.L01,,0,,none,0.00000000000,0.00000000000,0,,,,,,,6,0,Places + Things,PARKING
OtherBuildings.ParkingLot.L01.P-499,PARKING,P-499,"PARKING, L0",OtherBuildings.ParkingLot.L01,,0,,none,0.00000000000,0.00000000000,0,,,,,,,6,0,Places + Things,PARKING
OtherBuildings.DignityHealthArena.L01.1-ITF1,INSTANT TICKET WINDOW,1-ITF1,"1-ITF1, L01",OtherBuildings.DignityHealthArena.L01,,0,,none,0.00000000000,0.00000000000,0,,,,,,,6,0,,TICKET
OtherBuildings.DignityHealthArena.L01.1-ITF2,INSTANT TICKET WINDOW,1-ITF2,"1-ITF2, L01",OtherBuildings.DignityHealthArena.L01,,0,,none,0.00000000000,0.00000000000,0,,,,,,,6,0,,TICKET
OtherBuildings.DignityHealthArena.L01.1-ITF3,INSTANT TICKET WINDOW,1-ITF3,"1-IT3, L01",OtherBuildings.DignityHealthArena.L01,,0,,none,0.00000000000,0.00000000000,0,,,,,,,6,0,,TICKET
OtherBuildings.DignityHealthArena.L01.1-ITF4,INSTANT TICKET WINDOW,1-ITF4,"1-IT4, L01",OtherBuildings.DignityHealthArena.L01,,0,,none,0.00000000000,0.00000000000,0,,,,,,,6,0,,TICKET
